Date,SAUDIARABIA
2014-08-29,1138.8136637401167
2014-09-01,1143.20893829551
2014-09-02,1137.9063525930637
2014-09-03,1140.98412853892
2014-09-04,1138.7256812639591
2014-09-05,1138.7256812639591
2014-09-08,1143.2918409122315
2014-09-09,1142.6097213437592
2014-09-10,1138.6659296450807
2014-09-11,1129.6434142868313
2014-09-12,1129.6434142868313
2014-09-15,1117.787318347969
2014-09-16,1124.7669894315436
2014-09-17,1134.8442784349627
2014-09-18,1134.7228199194706
2014-09-19,1134.7228199194706
2014-09-22,1117.3940686623912
2014-09-23,1117.3940686623912
2014-09-24,1103.036067057182
2014-09-25,1104.0360722018056
2014-09-26,1103.9919225321626
2014-09-29,1099.1429694334622
2014-09-30,1106.3589413888074
2014-10-01,1105.9949948171684
2014-10-02,1104.9542338128674
2014-10-03,1104.9395075692967
2014-10-06,1104.9247817182486
2014-10-07,1105.013142712681
2014-10-08,1105.16044244644
2014-10-09,1105.1309793581315
2014-10-10,1105.1309793581315
2014-10-13,1061.5486040118633
2014-10-14,1033.9362321908407
2014-10-15,1002.563458602379
2014-10-16,966.3967010007573
2014-10-17,966.3838203484457
2014-10-20,998.3925387713394
2014-10-21,1025.7066452349297
2014-10-22,1035.149031032363
2014-10-23,1029.6175449583639
2014-10-24,1029.713600331529
2014-10-27,1033.0219601142685
2014-10-28,1032.1489746383577
2014-10-29,1024.2025413597742
2014-10-30,1018.3387542845559
2014-10-31,1018.3116112511905
2014-11-03,1026.0393899740802
2014-11-04,984.2967471422722
2014-11-05,962.2354088858044
2014-11-06,965.7031764871184
2014-11-07,965.6388297356634
2014-11-10,973.6426618709872
2014-11-11,967.7324442206958
2014-11-12,969.332662788427
2014-11-13,958.4921734889926
2014-11-14,958.4794012566855
2014-11-17,925.7210281833424
2014-11-18,938.4770647194766
2014-11-19,939.7989135206673
2014-11-20,941.3415851730688
2014-11-21,941.2914063814976
2014-11-24,943.355098454177
2014-11-25,922.9979913460422
2014-11-26,907.6731986228407
2014-11-27,908.2470616780946
2014-11-28,908.0897601259996
2014-12-01,868.6513053134065
2014-12-02,869.6165017885603
2014-12-03,875.3408589208934
2014-12-04,893.6248713175585
2014-12-05,893.6367755226964
2014-12-08,871.0632372837283
2014-12-09,852.6717050036424
2014-12-10,826.6912562974884
2014-12-11,826.5913688098789
2014-12-12,826.6023803379849
2014-12-15,784.081036986887
2014-12-16,733.0683906387603
2014-12-17,772.9399462133285
2014-12-18,842.4527278334251
2014-12-19,842.362965546054
2014-12-22,867.5614456187407
2014-12-23,863.3129504943462
2014-12-24,875.1535731749927
2014-12-25,875.757616784765
2014-12-26,875.8276260539768
2014-12-29,879.67616159368
2014-12-30,846.5118887342419
2014-12-31,828.4808160803829
2015-01-01,836.7601564880903
2015-01-02,836.3032758592982
2015-01-05,807.4721452289332
2015-01-06,795.1683930240697
2015-01-07,806.9894418073201
2015-01-08,821.7175761229919
2015-01-09,821.7175761229919
2015-01-12,832.4657561306287
2015-01-13,836.4786179836103
2015-01-14,844.2420370656753
2015-01-15,838.6383578508609
2015-01-16,838.3926586569024
2015-01-19,838.5178002580611
2015-01-20,833.3018721112268
2015-01-21,823.9881210503736
2015-01-22,824.8932276666425
2015-01-23,824.9481253924288
2015-01-26,828.2616428871795
2015-01-27,853.409925566448
2015-01-28,880.8093315254022
2015-01-29,870.4265851573438
2015-01-30,870.1372338558488
2015-02-02,909.2232825007853
2015-02-03,914.4063354875402
2015-02-04,907.7651194666021
2015-02-05,908.6837277663146
2015-02-06,908.8047984258087
2015-02-09,935.9552433195253
2015-02-10,926.0355853898469
2015-02-11,909.370216648356
2015-02-12,918.9740836339615
2015-02-13,918.9128513522694
2015-02-16,937.4853509911915
2015-02-17,939.5258252657766
2015-02-18,934.9600893554241
2015-02-19,924.07330537214
2015-02-20,924.1102545100105
2015-02-23,910.3456142752423
2015-02-24,917.9164624126312
2015-02-25,923.5006847730403
2015-02-26,923.7548690680007
2015-02-27,923.7918167995814
2015-03-02,928.5364184467713
2015-03-03,938.4050248452658
2015-03-04,937.5275984036791
2015-03-05,943.8079561493767
2015-03-06,943.8079561493767
2015-03-09,953.2559280805373
2015-03-10,952.5839012413862
2015-03-11,953.9318289896289
2015-03-12,957.6520212585158
2015-03-13,957.6264879566103
2015-03-16,923.3299022195159
2015-03-17,907.4194257414368
2015-03-18,888.4949439265841
2015-03-19,894.261343433613
2015-03-20,894.2375005972129
2015-03-23,907.9249545372348
2015-03-24,910.5364042540108
2015-03-25,875.557726420533
2015-03-26,877.1974912251718
2015-03-27,877.2910402477648
2015-03-30,878.6830232525779
2015-03-31,857.6071574180014
2015-04-01,862.8972508241721
2015-04-02,857.6751511866263
2015-04-03,857.6751511866263
2015-04-06,849.4632473727739
2015-04-07,864.1255568806009
2015-04-08,874.9054581460663
2015-04-09,886.101306654507
2015-04-10,886.101306654507
2015-04-13,903.202146697797
2015-04-14,899.010979390491
2015-04-15,914.1301789666803
2015-04-16,925.5204174785574
2015-04-17,925.5327565991392
2015-04-20,976.1079847616279
2015-04-21,971.5617495533975
2015-04-22,970.7525655642592
2015-04-23,975.4513988889169
2015-04-24,975.4513988889169
2015-04-27,992.2226614026117
2015-04-28,992.8459155811812
2015-04-29,1013.5510787991203
2015-04-30,1019.7646849400614
2015-05-01,1019.7646849400614
2015-05-04,1015.0689164666973
2015-05-05,1009.8889863946697
2015-05-06,1012.4007573818752
2015-05-07,1005.0249063531763
2015-05-08,1005.0517063026806
2015-05-11,986.3293644812536
2015-05-12,991.9781672346245
2015-05-13,1000.8815272849816
2015-05-14,1014.4289326357776
2015-05-15,1014.4018826402406
2015-05-18,1019.7626717530569
2015-05-19,1017.7281109803906
2015-05-20,1004.990041759349
2015-05-21,1006.6426948103101
2015-05-22,1006.5890129259877
2015-05-25,1002.1551131249096
2015-05-26,1009.7150485404276
2015-05-27,1003.9586480928582
2015-05-28,1000.0933333333335
2015-05-29,1000.0
2015-06-01,995.8516763005374
2015-06-02,997.4733972808947
2015-06-03,993.3124976682439
2015-06-04,991.0852964390099
2015-06-05,991.0852964390099
2015-06-08,976.9542698303679
2015-06-09,976.3579619485671
2015-06-10,982.5064270429287
2015-06-11,978.2825314095389
2015-06-12,978.2825314095389
2015-06-15,985.1971290619766
2015-06-16,981.8012316759485
2015-06-17,981.8140086552191
2015-06-18,977.3174373849423
2015-06-19,977.3304679366257
2015-06-22,951.0302688002597
2015-06-23,952.5130027409461
2015-06-24,957.9944955397458
2015-06-25,963.633611801947
2015-06-26,963.633611801947
2015-06-29,926.9032456375023
2015-06-30,925.5422763750926
2015-07-01,933.9029502644403
2015-07-02,937.5275052429317
2015-07-03,937.4400131748239
2015-07-06,940.247911829446
2015-07-07,930.0678843441581
2015-07-08,927.9559637169025
2015-07-09,964.7851609480008
2015-07-10,964.7208496546264
2015-07-13,962.6315926847384
2015-07-14,965.6988826130079
2015-07-15,977.2601966693356
2015-07-16,977.312312349028
2015-07-17,977.2732250681715
2015-07-20,977.2862538143899
2015-07-21,977.312312349028
2015-07-22,978.4209146485503
2015-07-23,976.1926522137686
2015-07-24,976.2056672481287
2015-07-27,944.0390004545224
2015-07-28,949.09054588235
2015-07-29,953.0661397461738
2015-07-30,952.6750882117118
2015-07-31,952.6623867239681
2015-08-03,929.737930161209
2015-08-04,923.0689973945196
2015-08-05,925.6573694146717
2015-08-06,909.926837206969
2015-08-07,909.9511003050877
2015-08-10,926.5694078090521
2015-08-11,920.0114046096592
2015-08-12,915.4588311195198
2015-08-13,914.6277681706684
2015-08-14,914.6399584939858
2015-08-17,894.1563821889072
2015-08-18,872.9733764306442
2015-08-19,860.3127551927089
2015-08-20,851.7087365487796
2015-08-21,851.7995745801147
2015-08-24,752.4827161486475
2015-08-25,818.1412023926316
2015-08-26,801.7040551855592
2015-08-27,824.3341107322166
2015-08-28,824.3231226873932
2015-08-31,816.4035828403692
2015-09-01,809.8916464475585
2015-09-02,799.1913816248398
2015-09-03,801.8877884368511
2015-09-04,801.7808999938235
2015-09-07,811.6112517443587
2015-09-08,819.4181520817942
2015-09-09,835.1493768126086
2015-09-10,831.2892048373865
2015-09-11,831.2559594749938
2015-09-14,812.5001432088795
2015-09-15,812.276796265223
2015-09-16,809.2332494468301
2015-09-17,804.7650358133327
2015-09-18,804.7650358133327
2015-09-21,804.5083669843863
2015-09-22,804.5405451738529
2015-09-23,804.4976414932187
2015-09-24,804.5405451738529
2015-09-25,804.5405451738529
2015-09-28,804.5190927615399
2015-09-29,793.1580075988921
2015-09-30,801.3993845981573
2015-10-01,794.5650636237265
2015-10-02,794.5650636237265
2015-10-05,806.7392241536415
2015-10-06,808.0646536131227
2015-10-07,822.9618891247518
2015-10-08,836.9093317954645
2015-10-09,836.9093317954645
2015-10-12,851.5615496104772
2015-10-13,851.559853010857
2015-10-14,853.0732188576312
2015-10-15,845.6175526561785
2015-10-16,845.6513764563169
2015-10-19,858.5192670214241
2015-10-20,850.7722333383763
2015-10-21,823.550919552889
2015-10-22,815.0899988754369
2015-10-23,815.0573970142477
2015-10-26,809.341005270383
2015-10-27,786.7216660843924
2015-10-28,790.6696378877767
2015-10-29,794.3319637513747
2015-10-30,794.3213740704817
2015-11-02,785.1563165729776
2015-11-03,772.5679404103035
2015-11-04,780.0805353004306
2015-11-05,771.0594848760906
2015-11-06,771.0492047682997
2015-11-09,771.8145873016111
2015-11-10,770.2792163779369
2015-11-11,792.5613863693184
2015-11-12,791.6099889566876
2015-11-13,791.6099889566875
2015-11-16,779.8032603475294
2015-11-17,778.5553840423005
2015-11-18,785.1578999570437
2015-11-19,797.5264738442323
2015-11-20,797.5158408667794
2015-11-23,810.683434591839
2015-11-24,815.8966395549735
2015-11-25,817.1951007596901
2015-11-26,818.7763006086283
2015-11-27,818.885383515717
2015-11-30,817.3520137438379
2015-12-01,821.4730985239611
2015-12-02,824.403806193475
2015-12-03,814.505908176403
2015-12-04,814.505908176403
2015-12-07,808.3455619308075
2015-12-08,792.0365835413659
2015-12-09,796.5984869369
2015-12-10,793.8775656348643
2015-12-11,793.8881451677155
2015-12-14,767.1237697522345
2015-12-15,773.4838293693225
2015-12-16,784.6967733907032
2015-12-17,807.0055216186785
2015-12-18,807.0485521595758
2015-12-21,790.1749193464818
2015-12-22,800.8307265651024
2015-12-23,784.4148226185309
2015-12-24,781.8783098898109
2015-12-25,781.8783098898109
2015-12-28,792.0161713489185
2015-12-29,776.6774072655265
2015-12-30,773.0256063960932
2015-12-31,774.1652583821788
2016-01-01,774.165258382179
2016-01-04,763.8195931778058
2016-01-05,754.6910752482632
2016-01-06,731.3722562088202
2016-01-07,700.3282261270757
2016-01-08,700.3282261270757
2016-01-11,701.5467609361028
2016-01-12,685.6120252631193
2016-01-13,684.5464010320353
2016-01-14,668.1012795135354
2016-01-15,668.5290069082221
2016-01-18,642.4247224125907
2016-01-19,659.3649431984359
2016-01-20,627.1940719396376
2016-01-21,622.5501246236631
2016-01-22,622.8902298230606
2016-01-25,640.4454528775034
2016-01-26,641.7432563822659
2016-01-27,651.0606712343623
2016-01-28,670.0296974645393
2016-01-29,670.029697464539
2016-02-01,681.5068686965382
2016-02-02,669.0239345924738
2016-02-03,673.5772785983536
2016-02-04,678.3425984814946
2016-02-05,678.3425984814947
2016-02-08,673.6883830147509
2016-02-09,671.3840769825388
2016-02-10,666.4844499170295
2016-02-11,651.8259414215944
2016-02-12,651.8259414215944
2016-02-15,661.6882686593381
2016-02-16,668.0572686520768
2016-02-17,675.4516392905323
2016-02-18,682.6391309272809
2016-02-19,682.6391309272809
2016-02-22,694.0072907146412
2016-02-23,695.7200906589707
2016-02-24,688.4585945193942
2016-02-25,692.7814162908262
2016-02-26,692.7629443363596
2016-02-29,704.0109777147011
2016-03-01,712.3406921797638
2016-03-02,713.0189468396195
2016-03-03,717.6784099942009
2016-03-04,717.6975460439554
2016-03-07,738.4984879585523
2016-03-08,743.0425398523913
2016-03-09,737.3192363386538
2016-03-10,733.8263013772424
2016-03-11,733.8263013772424
2016-03-14,724.6734842705573
2016-03-15,715.9802541883846
2016-03-16,723.9482741679514
2016-03-17,735.3177817733934
2016-03-18,735.307978059168
2016-03-21,743.8535597682838
2016-03-22,741.5887195986078
2016-03-23,739.5078605182096
2016-03-24,724.4580296625535
2016-03-25,724.4580296625535
2016-03-28,714.9179524534002
2016-03-29,704.4206556445076
2016-03-30,710.850112030374
2016-03-31,712.1516082280543
2016-04-01,712.2085750398101
2016-04-04,711.3908799871169
2016-04-05,709.4640081542705
2016-04-06,712.5162346040682
2016-04-07,719.9343442582774
2016-04-08,719.9535422514846
2016-04-11,723.6403817890751
2016-04-12,733.858295301065
2016-04-13,738.5959327918697
2016-04-14,747.8684784802825
2016-04-15,747.8684784802825
2016-04-18,736.6888621773652
2016-04-19,748.2024752939718
2016-04-20,744.1884062559823
2016-04-21,755.2182468379953
2016-04-22,755.1779712165385
2016-04-25,794.832641912921
2016-04-26,778.7544386824368
2016-04-27,785.2997753960574
2016-04-28,786.0697821784435
2016-04-29,786.0593020864216
2016-05-02,778.8120339119367
2016-05-03,771.5813045177314
2016-05-04,766.3975175548082
2016-05-05,775.9742270818363
2016-05-06,775.9845725772243
2016-05-09,780.5478532522612
2016-05-10,775.2272842127151
2016-05-11,776.9436075313191
2016-05-12,781.6635027383192
2016-05-13,781.6843457088607
2016-05-16,782.3550466022476
2016-05-17,786.3901859527168
2016-05-18,785.6153487631357
2016-05-19,779.9751601525878
2016-05-20,779.9335808810399
2016-05-23,755.0518659557893
2016-05-24,758.4950080488002
2016-05-25,764.6160888733746
2016-05-26,763.2510872035826
2016-05-27,763.2510872035826
2016-05-30,747.8173675075323
2016-05-31,757.9827481086185
2016-06-01,759.393751187799
2016-06-02,764.0188302456281
2016-06-03,764.0188302456281
2016-06-06,760.7160421062348
2016-06-07,765.2492035499769
2016-06-08,772.9778186747837
2016-06-09,772.5173196856214
2016-06-10,772.537918774207
2016-06-13,769.0624679450583
2016-06-14,778.2645832708948
2016-06-15,776.4012124660882
2016-06-16,774.34786820807
2016-06-17,774.3685161080292
2016-06-20,773.159991945901
2016-06-21,771.7718404834337
2016-06-22,772.5878075069329
2016-06-23,771.5096789446898
2016-06-24,771.4685356018579
2016-06-27,763.2323245153514
2016-06-28,762.1420935749193
2016-06-29,764.6311554363721
2016-06-30,766.2787485842144
2016-07-01,766.1766134912357
2016-07-04,766.3502593527902
2016-07-05,766.105135124458
2016-07-06,766.1153455031645
2016-07-07,766.1153455031645
2016-07-08,766.0847151834936
2016-07-11,771.8935239499975
2016-07-12,775.4931426859683
2016-07-13,786.9517843001369
2016-07-14,783.4218660659086
2016-07-15,783.4218660659086
2016-07-18,785.7514343379775
2016-07-19,780.9469335947573
2016-07-20,777.619985903807
2016-07-21,778.7969622649914
2016-07-22,778.8073453938379
2016-07-25,771.5101929907767
2016-07-26,765.5393204676591
2016-07-27,763.7684738946787
2016-07-28,753.8541344220636
2016-07-29,753.8641850064757
2016-08-01,752.3861164266341
2016-08-02,741.3595388728447
2016-08-03,741.7716360993852
2016-08-04,743.6222342771305
2016-08-05,743.6222342771305
2016-08-08,748.182800390472
2016-08-09,761.6314169719436
2016-08-10,759.7345382434678
2016-08-11,756.9606558001443
2016-08-12,756.9606558001442
2016-08-15,763.7699289271587
2016-08-16,760.2138040078163
2016-08-17,747.2826043184309
2016-08-18,750.1602822658967
2016-08-19,750.1002750439895
2016-08-22,741.7394033825989
2016-08-23,740.6050990398176
2016-08-24,738.6520914339416
2016-08-25,730.7644948379968
2016-08-26,730.7839803323528
2016-08-29,742.5327418189638
2016-08-30,747.448013887374
2016-08-31,745.2597180771799
2016-09-01,740.1597585910093
2016-09-02,740.14989071523
2016-09-05,760.0456911635052
2016-09-06,760.448251049612
2016-09-07,755.095427916717
2016-09-08,757.337680930954
2016-09-09,757.3376809309539
2016-09-12,757.3982558304482
2016-09-13,757.3376809309535
2016-09-14,757.3376809309534
2016-09-15,757.3376809309533
2016-09-16,757.3376809309532
2016-09-19,730.0901550441869
2016-09-20,728.372466705086
2016-09-21,731.5402102144891
2016-09-22,731.4036942663813
2016-09-23,731.3549509177911
2016-09-26,735.767543106529
2016-09-27,713.4041302437414
2016-09-28,689.8184640905331
2016-09-29,705.4138421814656
2016-09-30,706.2129382910871
2016-10-03,686.8360956454628
2016-10-04,697.492664963011
2016-10-05,705.5439278273521
2016-10-06,719.8070159678972
2016-10-07,719.9605481857192
2016-10-10,711.4343835957025
2016-10-11,718.2085559441933
2016-10-12,720.9723781409773
2016-10-13,719.9508144531046
2016-10-14,719.9508144531047
2016-10-17,709.2759653085915
2016-10-18,699.9354987246363
2016-10-19,709.1910780959442
2016-10-20,723.1484976859281
2016-10-21,723.2448930654568
2016-10-24,737.0594181858795
2016-10-25,750.2539743160224
2016-10-26,755.689538825518
2016-10-27,761.5728334883928
2016-10-28,761.58298698056
2016-10-31,769.6102124505144
2016-11-01,769.2025560736012
2016-11-02,764.9450256235269
2016-11-03,773.710800212185
2016-11-04,773.7108002121852
2016-11-07,785.4288916609258
2016-11-08,800.9246896154948
2016-11-09,801.3308201343672
2016-11-10,813.7360142888059
2016-11-11,813.7360142888058
2016-11-14,818.1873153438954
2016-11-15,802.7385614704399
2016-11-16,820.7534373768057
2016-11-17,818.4841714864287
2016-11-18,818.4187093364546
2016-11-21,803.0082915103394
2016-11-22,813.768717831637
2016-11-23,840.3371955663664
2016-11-24,844.1014898451157
2016-11-25,844.1690044613798
2016-11-28,854.7444928832393
2016-11-29,852.3254927363249
2016-11-30,864.5450763864385
2016-12-01,878.5526415752704
2016-12-02,878.5877789959438
2016-12-05,875.8805640898391
2016-12-06,878.7699404245291
2016-12-07,872.7185006472694
2016-12-08,871.4708940227196
2016-12-09,871.5173582213798
2016-12-12,876.8845608534117
2016-12-13,870.5370022890855
2016-12-14,868.7806362460436
2016-12-15,870.3740799327124
2016-12-16,870.2580718183094
2016-12-19,864.1273591505734
2016-12-20,861.5542761937483
2016-12-21,864.19373353611
2016-12-22,868.3323278455141
2016-12-23,868.2281710176617
2016-12-26,876.7869517692534
2016-12-27,887.5579102219173
2016-12-28,883.0898214243738
2016-12-29,879.264972636506
2016-12-30,879.3118442699953
2017-01-02,884.0603825094905
2017-01-03,883.0136350717969
2017-01-04,878.6984580569351
2017-01-05,879.8751241461921
2017-01-06,879.9454991427913
2017-01-09,867.4702908602645
2017-01-10,859.9688699641317
2017-01-11,847.8698729163568
2017-01-12,850.417898441287
2017-01-13,850.417898441287
2017-01-16,837.7034238140601
2017-01-17,845.8181173750767
2017-01-18,844.440347453405
2017-01-19,847.4688684364536
2017-01-20,847.4462725806872
2017-01-23,863.8176965677497
2017-01-24,873.3904770564525
2017-01-25,880.9059016000231
2017-01-26,882.7099966111044
2017-01-27,882.6864598746237
2017-01-30,881.6391304743381
2017-01-31,876.1861937057909
2017-02-01,875.9640338529164
2017-02-02,875.1015099037062
2017-02-03,875.1015099037062
2017-02-06,870.1462024314062
2017-02-07,868.080712852111
2017-02-08,860.9167364940416
2017-02-09,860.750334378344
2017-02-10,860.7503343783442
2017-02-13,870.935251552045
2017-02-14,868.8475395237633
2017-02-15,873.5807819903882
2017-02-16,881.2531003910278
2017-02-17,881.2531003910278
2017-02-20,874.9163540601669
2017-02-21,873.4012624876558
2017-02-22,876.0491089881874
2017-02-23,873.1093521429694
2017-02-24,873.0511502850004
2017-02-27,865.7021606947061
2017-02-28,864.1635870089569
2017-03-01,864.0483242519683
2017-03-02,868.7636045967796
2017-03-03,868.7636045967793
2017-03-06,865.8873189826553
2017-03-07,867.1946351071989
2017-03-08,864.6313285627501
2017-03-09,857.8838734954072
2017-03-10,857.8609990320567
2017-03-13,842.623040553871
2017-03-14,841.2400297555032
2017-03-15,847.2884028912769
2017-03-16,857.0437347846834
2017-03-17,857.089443174427
2017-03-20,858.3381402389759
2017-03-21,856.5047789746072
2017-03-22,847.2430034683599
2017-03-23,852.517388727115
2017-03-24,852.5173887271148
2017-03-27,849.18303372633
2017-03-28,852.3834943477327
2017-03-29,860.9409974488796
2017-03-30,868.5317620786003
2017-03-31,868.543341730118
2017-04-03,862.5939029734161
2017-04-04,865.4349589891843
2017-04-05,874.7323789488231
2017-04-06,879.2825388672314
2017-04-07,879.2122028288193
2017-04-10,880.5916019465817
2017-04-11,877.2316956959497
2017-04-12,887.5923532069295
2017-04-13,884.4170306178905
2017-04-14,884.4170306178908
2017-04-17,877.4397596333948
2017-04-18,869.6764419720654
2017-04-19,871.2459156462955
2017-04-20,866.9583295297405
2017-04-21,866.9814465691646
2017-04-24,875.5007585149831
2017-04-25,866.1332626816804
2017-04-26,864.2370006527918
2017-04-27,868.9218565533723
2017-04-28,868.9566111106643
2017-05-01,880.0622719166947
2017-05-02,882.3795093196316
2017-05-03,876.9302312606662
2017-05-04,872.479928765434
2017-05-05,872.375256295375
2017-05-08,864.607775846232
2017-05-09,874.2313870315453
2017-05-10,876.243768936177
2017-05-11,871.0341621352311
2017-05-12,871.0225498947011
2017-05-15,872.7387065417545
2017-05-16,879.6095509056278
2017-05-17,879.7196511833538
2017-05-18,879.5912065376654
2017-05-19,879.6498436059519
2017-05-22,887.7888288572851
2017-05-23,882.6898115464069
2017-05-24,878.5267486709928
2017-05-25,875.8862534384436
2017-05-26,875.8862534384436
2017-05-29,870.5411000995337
2017-05-30,877.4681374491397
2017-05-31,877.6911366246869
2017-06-01,877.7566275073249
2017-06-02,877.8034386975283
2017-06-05,892.3588418149463
2017-06-06,887.556011708792
2017-06-07,889.2960618695289
2017-06-08,879.8376175574507
2017-06-09,879.790700391261
2017-06-12,876.2788561099044
2017-06-13,875.7698520157277
2017-06-14,881.1776248898387
2017-06-15,879.2430934139953
2017-06-16,879.3368793439594
2017-06-19,915.457289679157
2017-06-20,902.4179832090337
2017-06-21,954.7727172085371
2017-06-22,974.79484911718
2017-06-23,974.8988106005813
2017-06-26,974.4830976596511
2017-06-27,974.8468270871655
2017-06-28,974.9118073452007
2017-06-29,975.0417938530265
2017-06-30,974.9897950906054
2017-07-03,982.1759192622628
2017-07-04,954.8484836040246
2017-07-05,946.5088333338032
2017-07-06,936.9836876527979
2017-07-07,936.9836876527979
2017-07-10,941.046249915779
2017-07-11,943.1512226544029
2017-07-12,950.6937592854749
2017-07-13,952.2750799357275
2017-07-14,952.2750799357277
2017-07-17,948.4410233686029
2017-07-18,944.3733279943459
2017-07-19,942.5483580836419
2017-07-20,946.7689349476276
2017-07-21,946.832052035063
2017-07-24,945.0178256633886
2017-07-25,942.271370791039
2017-07-26,939.1158300255485
2017-07-27,935.0243277443466
2017-07-28,935.0367940705125
2017-07-31,927.1940247789175
2017-08-01,928.9744117733503
2017-08-02,925.0572906937127
2017-08-03,925.5247782300337
2017-08-04,925.5124387222912
2017-08-07,933.2527252608945
2017-08-08,936.5455456176544
2017-08-09,937.1852018670133
2017-08-10,937.1518799945776
2017-08-11,937.1518799945776
2017-08-14,931.743570948339
2017-08-15,929.7058443900141
2017-08-16,931.7233759148648
2017-08-17,940.0160234287798
2017-08-18,939.9909583400289
2017-08-21,948.5118296068356
2017-08-22,953.3105523859134
2017-08-23,955.1787812911091
2017-08-24,954.1401613614696
2017-08-25,954.1656037421789
2017-08-28,956.5678628591716
2017-08-29,955.2556541739257
2017-08-30,955.2556541739257
2017-08-31,955.2556541739257
2017-09-01,955.2047126394672
2017-09-04,955.2301827275304
2017-09-05,955.2301827275304
2017-09-06,961.7480940369129
2017-09-07,970.4746266197939
2017-09-08,970.4746266197939
2017-09-11,977.5932182683094
2017-09-12,977.2296188907353
2017-09-13,973.5699309732396
2017-09-14,971.2621693287401
2017-09-15,971.2103742045227
2017-09-18,973.6954508056223
2017-09-19,967.6473542894304
2017-09-20,961.4075693830285
2017-09-21,960.6435419564433
2017-09-22,960.6435419564433
2017-09-25,947.0613628728134
2017-09-26,948.4728847410017
2017-09-27,947.0268017661797
2017-09-28,955.6290018114805
2017-09-29,955.6290018114804
2017-10-02,947.945503513433
2017-10-03,950.689038941903
2017-10-04,957.2038113743755
2017-10-05,954.1640842230646
2017-10-06,954.1640842230645
2017-10-09,932.2380022823263
2017-10-10,925.1644266551936
2017-10-11,906.1429431389337
2017-10-12,919.0252402195443
2017-10-13,919.0007354936428
2017-10-16,918.2707873984515
2017-10-17,918.9376151769585
2017-10-18,912.8952142300105
2017-10-19,923.3454441640112
2017-10-20,923.3454441640112
2017-10-23,906.2710528723896
2017-10-24,906.0712748060564
2017-10-25,911.1247246402636
2017-10-26,907.7470873196094
2017-10-27,907.7712919722322
2017-10-30,915.7269650688239
2017-10-31,914.8423437552112
2017-11-01,918.1967838711321
2017-11-02,919.1460095138979
2017-11-03,919.133754887351
2017-11-06,928.6093525131366
2017-11-07,925.0983461925445
2017-11-08,927.3774126259983
2017-11-09,930.6905359708968
2017-11-10,930.628498206867
2017-11-13,931.678372539358
2017-11-14,933.4817015242329
2017-11-15,927.6754008685402
2017-11-16,927.7785440754443
2017-11-17,927.7661745194936
2017-11-20,917.0370868708792
2017-11-21,911.0164257381206
2017-11-22,915.4479323205189
2017-11-23,919.1080635730415
2017-11-24,919.0958096157906
2017-11-27,925.1108250033956
2017-11-28,928.2735511474641
2017-11-29,931.0632176521983
2017-11-30,932.8334428490716
2017-12-01,932.8085692804809
2017-12-04,943.1585410259424
2017-12-05,938.9577367819894
2017-12-06,933.8630638633167
2017-12-07,937.7022290544719
2017-12-08,937.7272331136968
2017-12-11,937.9101291518114
2017-12-12,942.1112124593056
2017-12-13,935.8594569096788
2017-12-14,933.8850048048556
2017-12-15,933.8850048048558
2017-12-18,947.4238574733597
2017-12-19,947.7177755289642
2017-12-20,949.1261288523363
2017-12-21,947.6250171860407
2017-12-22,947.625017186041
2017-12-25,939.3935681104665
2017-12-26,943.1387376802929
2017-12-27,946.5240461795853
2017-12-28,951.044198266523
2017-12-29,951.044198266523
2018-01-01,950.9082739447741
2018-01-02,947.5729650153562
2018-01-03,955.6783557006015
2018-01-04,960.9993780940177
2018-01-05,960.9993780940177
2018-01-08,966.6225766509275
2018-01-09,962.9210977400911
2018-01-10,965.9892055185046
2018-01-11,970.6139054932513
2018-01-12,970.6397864602534
2018-01-15,995.4293203943754
2018-01-16,1001.1239173099992
2018-01-17,1003.7097386019874
2018-01-18,1003.83467218783
2018-01-19,1003.8480559363256
2018-01-22,996.6843361582993
2018-01-23,998.4856714308545
2018-01-24,995.7267180982748
2018-01-25,1002.9067329075559
2018-01-26,1002.9067329075561
2018-01-29,1006.5439140525672
2018-01-30,1013.9299718643763
2018-01-31,1018.2334839582265
2018-02-01,1015.208439365712
2018-02-02,1015.1949037946099
2018-02-05,1005.6204860162311
2018-02-06,992.9479424035127
2018-02-07,985.8278336967505
2018-02-08,981.325522437496
2018-02-09,981.3778570075161
2018-02-12,984.7615332105389
2018-02-13,984.327747318437
2018-02-14,985.3188405611661
2018-02-15,997.6902457057512
2018-02-16,997.6902457057512
2018-02-19,1002.1058413335674
2018-02-20,1000.5596014450601
2018-02-21,998.7603284179687
2018-02-22,1002.0574940854654
2018-02-23,1002.0842138373242
2018-02-26,998.2743478506086
2018-02-27,996.989688458181
2018-02-28,991.0848680065643
2018-03-01,988.1027244154159
2018-03-02,988.181768417689
2018-03-05,983.9074767987705
2018-03-06,992.2975894164014
2018-03-07,994.676875575711
2018-03-08,1012.998880218173
2018-03-09,1012.9448622541024
2018-03-12,1050.70799589187
2018-03-13,1049.573281211665
2018-03-14,1049.9046692234326
2018-03-15,1049.5188525725412
2018-03-16,1049.546838249374
2018-03-19,1039.3573726800262
2018-03-20,1040.8798911187034
2018-03-21,1045.3779771418665
2018-03-22,1060.4696600035797
2018-03-23,1060.4979391945133
2018-03-26,1072.7609317149797
2018-03-27,1087.7506343331602
2018-03-28,1082.9631761587716
2018-03-29,1077.8988105977962
2018-03-30,1077.8988105977962
2018-04-02,1061.8342992711207
2018-04-03,1064.6721790608049
2018-04-04,1076.089745995521
2018-04-05,1088.546279778099
2018-04-06,1088.546279778099
2018-04-09,1094.7842732387214
2018-04-10,1090.8801573744552
2018-04-11,1075.7901559922063
2018-04-12,1075.038405755482
2018-04-13,1075.0384057554818
2018-04-16,1105.155914534712
2018-04-17,1115.0737025556723
2018-04-18,1124.284015550731
2018-04-19,1143.1302071998507
2018-04-20,1143.1759311888322
2018-04-23,1153.0146053787857
2018-04-24,1148.1143362512807
2018-04-25,1137.473018477425
2018-04-26,1136.4468709586158
2018-04-27,1136.4317191417667
2018-04-30,1129.0044488048395
2018-05-01,1122.6467746584563
2018-05-02,1116.4074602886708
2018-05-03,1117.4976287586735
2018-05-04,1117.4976287586735
2018-05-07,1122.2982455792717
2018-05-08,1111.7546314759452
2018-05-09,1089.1883770336708
2018-05-10,1099.7941523005263
2018-05-11,1099.7941523005263
2018-05-14,1126.2253209561093
2018-05-15,1122.6066830361885
2018-05-16,1113.6891473486423
2018-05-17,1125.5919192156439
2018-05-18,1125.5919192156439
2018-05-21,1119.6493734725518
2018-05-22,1127.9537800437233
2018-05-23,1129.948989506919
2018-05-24,1131.3788852937178
2018-05-25,1131.3185523264585
2018-05-28,1127.5887608543753
2018-05-29,1134.1523674577097
2018-05-30,1137.5690154046497
2018-05-31,1159.132654567805
2018-06-01,1159.1481082275238
2018-06-04,1184.7224011042356
2018-06-05,1196.4619386582988
2018-06-06,1190.3428455194833
2018-06-07,1183.1332373336622
2018-06-08,1183.1490124434933
2018-06-11,1168.3078254583245
2018-06-12,1170.2064941450108
2018-06-13,1170.1908922238579
2018-06-14,1170.1596896296062
2018-06-15,1170.1908922238579
2018-06-18,1170.190892223858
2018-06-19,1170.112888858114
2018-06-20,1155.6177679928921
2018-06-21,1161.574976198884
2018-06-22,1161.5904628327912
2018-06-25,1184.1691775181057
2018-06-26,1178.2467160429583
2018-06-27,1180.8653608886764
2018-06-28,1176.9229618915897
2018-06-29,1176.9700344166297
2018-07-02,1168.9083928448724
2018-07-03,1162.4901428240553
2018-07-04,1163.455326001675
2018-07-05,1153.5328050191295
2018-07-06,1153.5635638433416
2018-07-09,1181.191011592037
2018-07-10,1194.4115871943636
2018-07-11,1188.9188937696374
2018-07-12,1184.3839875474227
2018-07-13,1184.4155690149923
2018-07-16,1206.4461361264187
2018-07-17,1201.0823956168917
2018-07-18,1202.0131300004139
2018-07-19,1205.36371858922
2018-07-20,1205.36371858922
2018-07-23,1204.4175774407593
2018-07-24,1200.4862402227586
2018-07-25,1199.8669744365834
2018-07-26,1195.7026489226394
2018-07-27,1195.7026489226391
2018-07-30,1188.5769025005382
2018-07-31,1185.0380382241785
2018-08-01,1186.4594018512264
2018-08-02,1182.623039611659
2018-08-03,1182.6388064472821
2018-08-06,1182.0027161213698
2018-08-07,1183.9046387461412
2018-08-08,1177.6052416545601
2018-08-09,1171.206461989664
2018-08-10,1171.2220766184582
2018-08-13,1125.6076356930018
2018-08-14,1128.1725606733123
2018-08-15,1124.5728687545288
2018-08-16,1123.106567151674
2018-08-17,1123.166458183118
2018-08-20,1123.1365118689766
2018-08-21,1123.1365118689766
2018-08-22,1123.1365118689766
2018-08-23,1123.1215393107286
2018-08-24,1123.1365118689766
2018-08-27,1145.4461361577241
2018-08-28,1151.7015578182773
2018-08-29,1150.1712991683116
2018-08-30,1139.3273216237951
2018-08-31,1139.3273216237951
2018-09-03,1139.5698262061694
2018-09-04,1143.0861210090006
2018-09-05,1105.8175139624923
2018-09-06,1099.4954953269769
2018-09-07,1099.4368696373915
2018-09-10,1106.081946330053
2018-09-11,1104.6149938323044
2018-09-12,1095.642664369037
2018-09-13,1087.033395172318
2018-09-14,1087.033395172318
2018-09-17,1090.4578807411904
2018-09-18,1095.54255791935
2018-09-19,1108.804585118918
2018-09-20,1116.5097652290153
2018-09-21,1116.4948804167875
2018-09-24,1116.5097652290153
2018-09-25,1141.217431402564
2018-09-26,1137.5666316027584
2018-09-27,1137.1830450025736
2018-09-28,1137.1678835727357
2018-10-01,1159.8580079413625
2018-10-02,1150.6509766160118
2018-10-03,1155.5402582266404
2018-10-04,1153.606535515826
2018-10-05,1153.452745917426
2018-10-08,1146.0102003173986
2018-10-09,1140.9651671473755
2018-10-10,1130.9648643862342
2018-10-11,1082.5538535936846
2018-10-12,1082.3374005437793
2018-10-15,1094.595611592063
2018-10-16,1120.771633061791
2018-10-17,1115.7409910875995
2018-10-18,1112.3162190628832
2018-10-19,1112.3162190628832
2018-10-22,1126.0020217725014
2018-10-23,1098.744330048964
2018-10-24,1090.1341911514148
2018-10-25,1145.1196568681748
2018-10-26,1145.13492085635
2018-10-29,1136.6844651910587
2018-10-30,1134.9474768640728
2018-10-31,1144.3738080339867
2018-11-01,1140.9835114552202
2018-11-02,1140.9835114552204
2018-11-05,1125.4395505579228
2018-11-06,1126.433011746691
2018-11-07,1120.8174533334745
2018-11-08,1111.5799026753284
2018-11-09,1111.520639748506
2018-11-12,1117.5916897554382
2018-11-13,1114.070439635824
2018-11-14,1097.5749029775673
2018-11-15,1096.811898369398
2018-11-16,1096.7242036958078
2018-11-19,1084.6855504593304
2018-11-20,1076.857687787818
2018-11-21,1077.364477636958
2018-11-22,1091.3613996549918
2018-11-23,1091.405031422459
2018-11-26,1079.8326238968457
2018-11-27,1085.1927212009725
2018-11-28,1095.2384846924124
2018-11-29,1108.2624294777613
2018-11-30,1108.3067392970245
2018-12-03,1141.8226624808688
2018-12-04,1139.735959982603
2018-12-05,1136.7263139925185
2018-12-06,1132.0112794094712
2018-12-07,1131.950934440154
2018-12-10,1126.8011437669134
2018-12-11,1128.1563576930719
2018-12-12,1138.4958508662671
2018-12-13,1142.5029113646895
2018-12-14,1142.5485986886933
2018-12-17,1156.401537536265
2018-12-18,1151.5660650525515
2018-12-19,1138.5099883749817
2018-12-20,1123.2665759835209
2018-12-21,1123.1019662963847
2018-12-24,1123.3793496992892
2018-12-25,1117.8930989683627
2018-12-26,1115.1722189893003
2018-12-27,1119.6350826168618
2018-12-28,1119.6649272166303
2018-12-31,1132.968059627398
2019-01-01,1129.8246040390613
2019-01-02,1129.7750946955439
2019-01-03,1137.7858969827712
2019-01-04,1137.7555637099474
2019-01-07,1172.8031972757562
2019-01-08,1172.306008986531
2019-01-09,1187.8001248812398
2019-01-10,1201.309448601529
2019-01-11,1201.2774269185286
2019-01-14,1211.736945236749
2019-01-15,1224.4580721604216
2019-01-16,1233.7274263559816
2019-01-17,1240.4302157059924
2019-01-18,1240.4798229931632
2019-01-21,1232.0625574406633
2019-01-22,1232.2612310851312
2019-01-23,1242.5462205995536
2019-01-24,1235.8920854079845
2019-01-25,1235.8920854079845
2019-01-28,1259.936512833584
2019-01-29,1254.0008947038048
2019-01-30,1253.5848008449045
2019-01-31,1250.7680003003134
2019-02-01,1250.7680003003134
2019-02-04,1247.3107150208489
2019-02-05,1264.9163888442151
2019-02-06,1268.5424904951763
2019-02-07,1266.3620440766515
2019-02-08,1266.3789275532272
2019-02-11,1254.6932291901908
2019-02-12,1263.0780516233444
2019-02-13,1267.2765349941183
2019-02-14,1269.9775961794312
2019-02-15,1269.9775961794314
2019-02-18,1258.6194682495775
2019-02-19,1249.0078875930956
2019-02-20,1258.5529237886915
2019-02-21,1255.323057441865
2019-02-22,1255.323057441865
2019-02-25,1235.825684231567
2019-02-26,1240.5586062605973
2019-02-27,1242.4141864571634
2019-02-28,1246.289374157743
2019-03-01,1246.289374157743
2019-03-04,1255.0757156621348
2019-03-05,1254.4459907418889
2019-03-06,1249.7935281779073
2019-03-07,1241.2051925993644
2019-03-08,1241.2051925993646
2019-03-11,1233.003908434276
2019-03-12,1238.069771958728
2019-03-13,1252.7939799498536
2019-03-14,1261.299282840282
2019-03-15,1261.299282840282
2019-03-18,1273.471984429164
2019-03-19,1274.8015276874642
2019-03-20,1271.5501450588145
2019-03-21,1281.9736655375445
2019-03-22,1281.9736655375445
2019-03-25,1274.5597471586245
2019-03-26,1277.776422663549
2019-03-27,1293.2749342701281
2019-03-28,1298.541990830098
2019-03-29,1298.5246785526992
2019-04-01,1317.6556623751858
2019-04-02,1324.4848698751673
2019-04-03,1333.8728301656663
2019-04-04,1350.4674870343304
2019-04-05,1350.4674870343304
2019-04-08,1348.793896703226
2019-04-09,1350.5370532113013
2019-04-10,1357.1879316711888
2019-04-11,1360.198703445743
2019-04-12,1360.198703445743
2019-04-15,1359.154210847304
2019-04-16,1367.1130608414296
2019-04-17,1385.0784164074637
2019-04-18,1378.0537535293122
2019-04-19,1378.0537535293122
2019-04-22,1378.7426608536205
2019-04-23,1385.7233143273702
2019-04-24,1384.9201400745449
2019-04-25,1392.7510362297169
2019-04-26,1392.769605748346
2019-04-29,1391.5810274384312
2019-04-30,1395.0917357073272
2019-05-01,1405.1080955288764
2019-05-02,1404.0299769657317
2019-05-03,1404.0299769657317
2019-05-06,1360.4048555989712
2019-05-07,1346.2679920092635
2019-05-08,1335.721059158711
2019-05-09,1328.0546095193595
2019-05-10,1328.0369037771018
2019-05-13,1250.562958345838
2019-05-14,1255.221661897647
2019-05-15,1266.4491507281118
2019-05-16,1291.2009901010408
2019-05-17,1291.2182056551615
2019-05-20,1273.9945614691198
2019-05-21,1296.7912133929124
2019-05-22,1300.6897030327689
2019-05-23,1280.7469576596168
2019-05-24,1280.8323430670723
2019-05-27,1252.5939128678551
2019-05-28,1276.4132500001342
2019-05-29,1250.2206821508307
2019-05-30,1267.3535192365875
2019-05-31,1267.269036886991
2019-06-03,1267.3535192365878
2019-06-04,1267.3535192365878
2019-06-05,1267.3535192365878
2019-06-06,1267.3535192365878
2019-06-07,1267.2690368869912
2019-06-10,1327.7860217367227
2019-06-11,1350.8980274106605
2019-06-12,1368.0778059869153
2019-06-13,1343.9628977243674
2019-06-14,1343.9628977243674
2019-06-17,1345.61738023953
2019-06-18,1348.8332550957036
2019-06-19,1338.4874182558221
2019-06-20,1328.2757685029828
2019-06-21,1328.1341065314318
2019-06-24,1280.0650854281328
2019-06-25,1286.7209658259874
2019-06-26,1291.767700691728
2019-06-27,1306.5598215835348
2019-06-28,1306.6120804924706
2019-07-01,1312.722651934772
2019-07-02,1310.2471583015385
2019-07-03,1313.4151197749932
2019-07-04,1311.620169614366
2019-07-05,1311.6376567174873
2019-07-08,1304.7692047339067
2019-07-09,1308.7108663090862
2019-07-10,1315.710182191482
2019-07-11,1327.2669579020674
2019-07-12,1327.4262087035752
2019-07-15,1341.839405246997
2019-07-16,1346.4983656758113
2019-07-17,1347.898310264933
2019-07-18,1340.5154591037124
2019-07-19,1340.5154591037124
2019-07-22,1318.2655548265684
2019-07-23,1299.2463713501302
2019-07-24,1298.2723981143015
2019-07-25,1308.7799195484079
2019-07-26,1308.7450234033724
2019-07-29,1291.8289697600892
2019-07-30,1293.2693868779681
2019-07-31,1291.8366143848714
2019-08-01,1283.6022042067748
2019-08-02,1283.56798667674
2019-08-05,1252.2609040215473
2019-08-06,1240.1501205751201
2019-08-07,1253.7832133206462
2019-08-08,1265.1920087260721
2019-08-09,1265.2088725564295
2019-08-12,1265.276332373681
2019-08-13,1265.2763323736808
2019-08-14,1265.208872556429
2019-08-15,1265.3437993851117
2019-08-16,1265.2763323736804
2019-08-19,1268.7721243166566
2019-08-20,1274.7414161634508
2019-08-21,1261.2358992127472
2019-08-22,1251.602708587444
2019-08-23,1251.6360824347496
2019-08-26,1221.3255642320864
2019-08-27,1229.6588279249313
2019-08-28,1208.0631554359434
2019-08-29,1183.2331435812953
2019-08-30,1183.10695560107
2019-09-02,1174.4693707123597
2019-09-03,1167.0975223314533
2019-09-04,1190.2170754242468
2019-09-05,1188.2343817038302
2019-09-06,1188.4561440594414
2019-09-09,1185.402880328207
2019-09-10,1172.2117037104997
2019-09-11,1154.3525381034535
2019-09-12,1147.227044525323
2019-09-13,1147.4564348805427
2019-09-16,1150.8606460904498
2019-09-17,1142.9621481310496
2019-09-18,1150.0358964954512
2019-09-19,1170.2097768166664
2019-09-20,1170.2097768166664
2019-09-23,1172.1516106857314
2019-09-24,1188.7953734168939
2019-09-25,1181.4523298265967
2019-09-26,1180.8175376569748
2019-09-27,1180.8175376569748
2019-09-30,1182.5452480385386
2019-10-01,1175.1985451285072
2019-10-02,1163.4689461886717
2019-10-03,1152.0737157308427
2019-10-04,1152.0737157308427
2019-10-07,1140.9361725161223
2019-10-08,1138.3388180990198
2019-10-09,1119.1588069932336
2019-10-10,1116.1704588863674
2019-10-11,1116.1704588863672
2019-10-14,1102.562612176085
2019-10-15,1085.4607360778464
2019-10-16,1090.4435546660172
2019-10-17,1111.3408395262404
2019-10-18,1111.3408395262404
2019-10-21,1129.968652903843
2019-10-22,1147.1369132074394
2019-10-23,1148.750092832052
2019-10-24,1152.6207422873888
2019-10-25,1152.6207422873886
2019-10-28,1130.8609562262682
2019-10-29,1119.3493628185386
2019-10-30,1135.355614637932
2019-10-31,1129.8516360632045
2019-11-01,1129.8817638333517
2019-11-04,1115.7817350353946
2019-11-05,1138.4434990534062
2019-11-06,1133.3701560518957
2019-11-07,1142.8454901178443
2019-11-08,1142.7845448591997
2019-11-11,1162.1728090383754
2019-11-12,1172.9761710088592
2019-11-13,1165.6081337439923
2019-11-14,1164.6603213617295
2019-11-15,1164.6603213617295
2019-11-18,1174.5397770435384
2019-11-19,1183.6716232815108
2019-11-20,1184.0817765053637
2019-11-21,1184.6062974508839
2019-11-22,1184.6378861097853
2019-11-25,1176.3675675398913
2019-11-26,1150.9268420628996
2019-11-27,1145.4574751989367
2019-11-28,1146.1862655377868
2019-11-29,1146.1862655377868
2019-12-02,1139.1304595234442
2019-12-03,1147.741519990845
2019-12-04,1144.5217630100112
2019-12-05,1147.9330627990387
2019-12-06,1147.9330627990387
2019-12-09,1184.1677178959135
2019-12-10,1175.1835734101023
2019-12-11,1183.381242144661
2019-12-12,1161.3777473264154
2019-12-13,1161.3003314331675
2019-12-16,1179.6771794920335
2019-12-17,1188.9976544554763
2019-12-18,1199.4394817095665
2019-12-19,1208.7579634626873
2019-12-20,1208.7901866969448
2019-12-23,1228.866201106326
2019-12-24,1228.3749902133886
2019-12-25,1213.8841180871036
2019-12-26,1214.321847879625
2019-12-27,1214.321847879625
2019-12-30,1208.9613444431145
2019-12-31,1214.89546938529
2020-01-01,1208.6747818359222
2020-01-02,1214.3634655978117
2020-01-03,1214.0721737217355
2020-01-06,1188.1623335793533
2020-01-07,1186.30220016008
2020-01-08,1175.5419503470323
2020-01-09,1206.830651897155
2020-01-10,1206.7663150461103
2020-01-13,1216.3524350127373
2020-01-14,1220.747457034772
2020-01-15,1213.7725642128942
2020-01-16,1218.198711858336
2020-01-17,1218.198711858336
2020-01-20,1217.8478355614147
2020-01-21,1211.365362146603
2020-01-22,1206.8805486671185
2020-01-23,1197.583654416476
2020-01-24,1197.5198088264758
2020-01-27,1160.7094811839654
2020-01-28,1158.8996642181007
2020-01-29,1160.2939152567026
2020-01-30,1172.2295330396153
2020-01-31,1172.167047456831
2020-02-03,1149.8499660066311
2020-02-04,1153.4961436724498
2020-02-05,1145.9513789754194
2020-02-06,1141.5172135500663
2020-02-07,1141.5476418377793
2020-02-10,1128.9828950123285
2020-02-11,1115.8612389562797
2020-02-12,1120.6615866316438
2020-02-13,1114.420987647943
2020-02-14,1114.420987647943
2020-02-17,1112.0431365093884
2020-02-18,1109.4689058832944
2020-02-19,1126.8000151712993
2020-02-20,1130.8048288991997
2020-02-21,1130.7746813391768
2020-02-24,1091.2115456219626
2020-02-25,1091.2260984458226
2020-02-26,1083.2075671636778
2020-02-27,1074.2689059342874
2020-02-28,1074.5552630996706
2020-03-02,1031.6082687792853
2020-03-03,1063.1396339426572
2020-03-04,1055.6440470650518
2020-03-05,1047.6278286894799
2020-03-06,1047.6138686944275
2020-03-09,882.8075681816446
2020-03-10,942.5998282972678
2020-03-11,915.5993004265832
2020-03-12,890.4649329643514
2020-03-13,890.4649329643513
2020-03-16,836.7685036000188
2020-03-17,857.9652258406348
2020-03-18,865.7180796476734
2020-03-19,882.5734106252753
2020-03-20,882.455976866959
2020-03-23,848.7257933405756
2020-03-24,877.2002361926009
2020-03-25,880.4857777584779
2020-03-26,898.3882749380114
2020-03-27,898.1491192678565
2020-03-30,902.842403479641
2020-03-31,923.1552381829526
2020-04-01,938.5578282277927
2020-04-02,970.3579034937202
2020-04-03,970.3579034937202
2020-04-06,988.6677580761955
2020-04-07,1009.71368267741
2020-04-08,1013.2048423036307
2020-04-09,1014.0968088366142
2020-04-10,1014.0968088366141
2020-04-13,980.5025202141051
2020-04-14,992.440286064205
2020-04-15,983.9706932633616
2020-04-16,954.7703808680004
2020-04-17,955.0245119249256
2020-04-20,949.7594227125447
2020-04-21,933.5943843487902
2020-04-22,941.9481588900087
2020-04-23,949.5113987326201
2020-04-24,949.5113987326201
2020-04-27,979.6889820142115
2020-04-28,987.1305535695942
2020-04-29,1002.0359407601309
2020-04-30,1023.9413112129486
2020-05-01,1023.8049856489472
2020-05-04,949.6478349663231
2020-05-05,965.9136852792244
2020-05-06,956.0378334145848
2020-05-07,952.8804548743409
2020-05-08,952.8804548743409
2020-05-11,954.957774752185
2020-05-12,967.6433489413573
2020-05-13,972.5261391622722
2020-05-14,974.6349293812693
2020-05-15,974.8943823106939
2020-05-18,1007.2550662773731
2020-05-19,1028.221362570854
2020-05-20,1031.243672762555
2020-05-21,1030.5669042214722
2020-05-22,1030.6629368137187
2020-05-25,1030.3886054491154
2020-05-26,1030.3748927143179
2020-05-27,1030.525752874305
2020-05-28,1031.0747078631848
2020-05-29,1030.2514945235735
2020-06-01,1073.885843309563
2020-06-02,1074.0133372767045
2020-06-03,1064.4223582594077
2020-06-04,1063.5797509226747
2020-06-05,1063.5797509226747
2020-06-08,1074.912655433321
2020-06-09,1078.5260456332028
2020-06-10,1076.4782205306626
2020-06-11,1072.0442831252076
2020-06-12,1071.6158652686236
2020-06-15,1063.5217261541013
2020-06-16,1067.6883346555353
2020-06-17,1068.7973015136795
2020-06-18,1075.7564881304113
2020-06-19,1075.7564881304113
2020-06-22,1060.398127515979
2020-06-23,1058.3444916513824
2020-06-24,1050.1704418471893
2020-06-25,1053.6602559874589
2020-06-26,1053.6742987992723
2020-06-29,1060.3460062912272
2020-06-30,1050.5918088881474
2020-07-01,1053.5728133271916
2020-07-02,1061.879002283979
2020-07-03,1061.9922421999759
2020-07-06,1070.325146134086
2020-07-07,1070.1629744382647
2020-07-08,1067.1274740679798
2020-07-09,1069.1097896040042
2020-07-10,1069.1097896040042
2020-07-13,1066.6449525331982
2020-07-14,1062.0750558044456
2020-07-15,1065.9717448962058
2020-07-16,1064.7726985308047
2020-07-17,1064.7726985308045
2020-07-20,1058.1410240490127
2020-07-21,1061.563041293174
2020-07-22,1063.8064573470203
2020-07-23,1062.7688224439135
2020-07-24,1062.9105136182777
2020-07-27,1066.5671450791242
2020-07-28,1067.68302381268
2020-07-29,1067.66879202393
2020-07-30,1067.8538348766433
2020-07-31,1067.853834876643
2020-08-03,1067.7257214555002
2020-08-04,1067.739954762014
2020-08-05,1066.3960861601818
2020-08-06,1070.8643228860967
2020-08-07,1070.8786005059637
2020-08-10,1074.303391035012
2020-08-11,1087.5118296999788
2020-08-12,1091.928462544511
2020-08-13,1100.534129787355
2020-08-14,1100.5194573683839
2020-08-17,1110.9827997816963
2020-08-18,1125.4339267980324
2020-08-19,1124.729649188342
2020-08-20,1122.543480592802
2020-08-21,1122.543480592802
2020-08-24,1135.0346834377492
2020-08-25,1131.430420072582
2020-08-26,1133.6151612928659
2020-08-27,1128.7311717752725
2020-08-28,1128.746220119717
2020-08-31,1121.8835642827257
2020-09-01,1114.8639065483537
2020-09-02,1130.696905175529
2020-09-03,1135.1475195185656
2020-09-04,1135.2080526485224
2020-09-07,1131.0246794280897
2020-09-08,1134.468449736018
2020-09-09,1132.7378352049673
2020-09-10,1140.8573588833935
2020-09-11,1140.7661146264848
2020-09-14,1154.206859594905
2020-09-15,1164.7584072111292
2020-09-16,1165.941990221029
2020-09-17,1168.0915489849467
2020-09-18,1168.0915489849467
2020-09-21,1159.2114996666096
2020-09-22,1153.347757514403
2020-09-23,1153.31700813407
2020-09-24,1148.366342643081
2020-09-25,1148.3969600303062
2020-09-28,1157.67880603437
2020-09-29,1148.1336968791647
2020-09-30,1148.6391693700489
2020-10-01,1151.2964562556012
2020-10-02,1151.2350701475632
2020-10-05,1149.3719535638306
2020-10-06,1164.7048841224694
2020-10-07,1162.7156546912854
2020-10-08,1174.3162779747806
2020-10-09,1174.378891479338
2020-10-12,1198.963690602239
2020-10-13,1208.7529767363076
2020-10-14,1205.735891634454
2020-10-15,1198.4855905417783
2020-10-16,1198.4855905417783
2020-10-19,1196.170923096802
2020-10-20,1193.4873010191159
2020-10-21,1187.589109598206
2020-10-22,1193.778166095526
2020-10-23,1193.778166095526
2020-10-26,1150.9195322561145
2020-10-27,1157.9746614991493
2020-10-28,1149.578050265978
2020-10-29,1119.7033073998075
2020-10-30,1119.7331637661619
2020-11-02,1131.390182373398
2020-11-03,1128.426130159507
2020-11-04,1140.2713213111579
2020-11-05,1144.0357507519975
2020-11-06,1144.0052480124157
2020-11-09,1182.7922940481471
2020-11-10,1187.892699752116
2020-11-11,1194.9954593017915
2020-11-12,1190.431315976678
2020-11-13,1190.447186278185
2020-11-16,1202.4245444465998
2020-11-17,1208.470410597181
2020-11-18,1216.0990029890565
2020-11-19,1207.4377170951775
2020-11-20,1207.4538147622895
2020-11-23,1210.5451484324612
2020-11-24,1212.2474918432024
2020-11-25,1223.3786192338841
2020-11-26,1223.8421816329972
2020-11-27,1223.8421816329974
2020-11-30,1228.7646456629932
2020-12-01,1225.098642797679
2020-12-02,1220.7230614840848
2020-12-03,1217.216157795303
2020-12-04,1217.2486082393925
2020-12-07,1215.6344172910187
2020-12-08,1212.72791562594
2020-12-09,1219.7804158228857
2020-12-10,1215.748288349549
2020-12-11,1215.780700524983
2020-12-14,1217.2382457009749
2020-12-15,1216.70545228209
2020-12-16,1226.7832703189551
2020-12-17,1223.6693707860431
2020-12-18,1223.6856789846036
2020-12-21,1209.6490543837867
2020-12-22,1225.2944609618776
2020-12-23,1228.4270824292073
2020-12-24,1226.7847635125422
2020-12-25,1226.7847635125422
2020-12-28,1227.3434694760542
2020-12-29,1231.6084791499186
2020-12-30,1234.6660084153261
2020-12-31,1223.5055140034578
2021-01-01,1223.5055140034574
2021-01-04,1221.2767285968844
2021-01-05,1226.6008599595073
2021-01-06,1224.8291692831945
2021-01-07,1235.6288853245264
2021-01-08,1235.5794832234278
2021-01-11,1253.7315429928085
2021-01-12,1256.3449658002216
2021-01-13,1262.0781301387585
2021-01-14,1258.8598180548126
2021-01-15,1258.8598180548126
2021-01-18,1266.6992637648734
2021-01-19,1260.1983105504394
2021-01-20,1256.696499546882
2021-01-21,1256.099405436026
2021-01-22,1256.1161453929192
2021-01-25,1249.7916732878507
2021-01-26,1239.981922072933
2021-01-27,1237.8680235968316
2021-01-28,1242.659124489611
2021-01-29,1242.7088209153046
2021-02-01,1218.0692237335493
2021-02-02,1216.955629097279
2021-02-03,1209.2185280739675
2021-02-04,1223.089560646396
2021-02-05,1223.089560646396
2021-02-08,1246.115684053362
2021-02-09,1258.8343416282096
2021-02-10,1263.0215704620302
2021-02-11,1270.5147695172423
2021-02-12,1270.5317054237398
2021-02-15,1290.5571828435634
2021-02-16,1290.9228048870648
2021-02-17,1288.259134091326
2021-02-18,1276.168224758583
2021-02-19,1276.2362779901393
2021-02-22,1281.6281045276917
2021-02-23,1294.6937784830295
2021-02-24,1292.6178734298337
2021-02-25,1306.7665530055297
2021-02-26,1306.7665530055297
2021-03-01,1296.1339193256802
2021-03-02,1312.798886362628
2021-03-03,1321.7393177529707
2021-03-04,1306.3040542675576
2021-03-05,1306.2170067921286
2021-03-08,1326.0834106344878
2021-03-09,1343.2899934525858
2021-03-10,1366.8285456279978
2021-03-11,1365.395940651908
2021-03-12,1365.3777387703844
2021-03-15,1372.0201414487317
2021-03-16,1375.8682248358127
2021-03-17,1365.443379455263
2021-03-18,1344.8357157271496
2021-03-19,1344.8536440015027
2021-03-22,1352.1961962102414
2021-03-23,1344.1767384000473
2021-03-24,1341.888886620115
2021-03-25,1332.7154743963827
2021-03-26,1332.679938159964
2021-03-29,1369.5232048416167
2021-03-30,1374.4525305969926
2021-03-31,1425.0229818441042
2021-04-01,1425.2053153257743
2021-04-02,1425.2053153257746
2021-04-05,1438.0143053164202
2021-04-06,1440.1572576303358
2021-04-07,1445.1507155492454
2021-04-08,1445.677170115182
2021-04-09,1445.7157194504207
2021-04-12,1423.267673271451
2021-04-13,1413.0466016314672
2021-04-14,1416.5867320691073
2021-04-15,1440.6134587264246
2021-04-16,1440.3638222917807
2021-04-19,1456.2791465868866
2021-04-20,1459.411135453423
2021-04-21,1454.6599704846446
2021-04-22,1460.6508870016585
2021-04-23,1460.6119394271445
2021-04-26,1475.6862240109128
2021-04-27,1482.2430069473892
2021-04-28,1535.9723923451852
2021-04-29,1512.3147668452755
2021-04-30,1512.294603186082
2021-05-03,1485.3896388755666
2021-05-04,1487.6999242360844
2021-05-05,1476.366985847215
2021-05-06,1474.1765972493058
2021-05-07,1474.058675699824
2021-05-10,1485.7785896216144
2021-05-11,1485.7785896216144
2021-05-12,1485.7785896216144
2021-05-13,1485.7785896216144
2021-05-14,1485.7785896216144
2021-05-17,1496.4523642264712
2021-05-18,1500.916554056865
2021-05-19,1492.2913937516862
2021-05-20,1484.0726437677624
2021-05-21,1484.0726437677627
2021-05-24,1477.3306654048074
2021-05-25,1497.1313274612676
2021-05-26,1498.483423582167
2021-05-27,1508.5547743404484
2021-05-28,1508.595000322379
2021-05-31,1511.2666032079328
2021-06-01,1519.6242317759313
2021-06-02,1531.4363443072289
2021-06-03,1538.684348131148
2021-06-04,1538.643319830795
2021-06-07,1536.4750855073767
2021-06-08,1539.995249565945
2021-06-09,1544.3051995138867
2021-06-10,1542.5304703475438
2021-06-11,1542.5510355010676
2021-06-14,1562.3491270474708
2021-06-15,1547.6771762532708
2021-06-16,1549.7390736854459
2021-06-17,1548.008906232645
2021-06-18,1547.9676292973006
2021-06-21,1549.1514805404001
2021-06-22,1553.9998061970043
2021-06-23,1551.8374798960645
2021-06-24,1556.727441760186
2021-06-25,1556.6859323491583
2021-06-28,1561.1594071553684
2021-06-29,1570.3544173871096
2021-06-30,1568.0989563159
2021-07-01,1568.3029200804697
2021-07-02,1568.3029200804697
2021-07-05,1573.0141941176016
2021-07-06,1567.5496347388303
2021-07-07,1568.528865287205
2021-07-08,1548.2708333177206
2021-07-09,1548.3327509419598
2021-07-12,1530.134380964183
2021-07-13,1537.286362561776
2021-07-14,1543.3040810413422
2021-07-15,1543.785219701735
2021-07-16,1543.682326753302
2021-07-19,1543.7852197017355
2021-07-20,1543.7852197017355
2021-07-21,1543.702904245728
2021-07-22,1543.7440608764264
2021-07-23,1543.702904245728
2021-07-26,1558.2676040448066
2021-07-27,1562.3823657142023
2021-07-28,1562.5321669701218
2021-07-29,1577.14111100618
2021-07-30,1577.1831636168615
2021-08-02,1601.2396865886662
2021-08-03,1612.570518809642
2021-08-04,1609.0041056526186
2021-08-05,1616.6595783141738
2021-08-06,1616.6164708406827
2021-08-09,1617.0819632322812
2021-08-10,1636.602456347625
2021-08-11,1643.1419454199827
2021-08-12,1645.230807460591
2021-08-13,1645.1430735153863
2021-08-16,1650.443471967087
2021-08-17,1665.672088900019
2021-08-18,1656.2568068566177
2021-08-19,1631.2338065806669
2021-08-20,1631.2773026691543
2021-08-23,1610.7682024622284
2021-08-24,1623.400223273289
2021-08-25,1626.0198878853537
2021-08-26,1620.2517523885422
2021-08-27,1620.1653550892438
2021-08-30,1638.4028722261746
2021-08-31,1651.8271708432753
2021-09-01,1649.1681575477025
2021-09-02,1647.7088172825127
2021-09-03,1647.7966880564384
2021-09-06,1662.20247406213
2021-09-07,1663.3215238626067
2021-09-08,1671.3931267148332
2021-09-09,1665.8605227414964
2021-09-10,1665.904938582234
2021-09-13,1661.2307497264874
2021-09-14,1658.3893926596934
2021-09-15,1667.720557081645
2021-09-16,1669.8238876143473
2021-09-17,1669.9352195978404
2021-09-20,1661.261584195185
2021-09-21,1659.1567660399164
2021-09-22,1650.4954272362618
2021-09-23,1650.6494488326819
2021-09-24,1650.4954272362618
2021-09-27,1672.6313131131863
2021-09-28,1676.9693231914553
2021-09-29,1676.1342116947726
2021-09-30,1696.2211290732896
2021-10-01,1696.22112907329
2021-10-04,1690.42805665951
2021-10-05,1707.359109242165
2021-10-06,1711.416485997799
2021-10-07,1719.0519022445624
2021-10-08,1719.0060657497293
2021-10-11,1715.0932687479592
2021-10-12,1722.266113036331
2021-10-13,1735.6943320468351
2021-10-14,1748.0129099434084
2021-10-15,1748.0129099434084
2021-10-18,1747.7450523880982
2021-10-19,1752.5710460806915
2021-10-20,1776.6236947373973
2021-10-21,1782.8329586809102
2021-10-22,1782.8329586809102
2021-10-25,1774.2695031991993
2021-10-26,1764.8188157126513
2021-10-27,1760.3102526135078
2021-10-28,1747.141809218553
2021-10-29,1747.281547026216
2021-11-01,1739.6821931674547
2021-11-02,1746.9570946867493
2021-11-03,1738.21606370541
2021-11-04,1748.5089563032552
2021-11-05,1748.5089563032552
2021-11-08,1768.7342802139933
2021-11-09,1760.7569430662193
2021-11-10,1779.4404799684048
2021-11-11,1788.340567072931
2021-11-12,1788.340567072931
2021-11-15,1774.8127453640661
2021-11-16,1776.7118354397312
2021-11-17,1776.0286733502437
2021-11-18,1755.3889027501705
2021-11-19,1755.3421061064457
2021-11-22,1672.5519861979114
2021-11-23,1683.3555889115946
2021-11-24,1699.6908353489644
2021-11-25,1684.2334808080554
2021-11-26,1684.3008250054545
2021-11-29,1613.2169892414322
2021-11-30,1602.347504367552
2021-12-01,1616.771499591826
2021-12-02,1622.6769144795503
2021-12-03,1622.6769144795503
2021-12-06,1635.4900553686339
2021-12-07,1643.8721520851227
2021-12-08,1625.0561104610813
2021-12-09,1614.805805069943
2021-12-10,1614.7842826478786
2021-12-13,1622.877720310334
2021-12-14,1623.0341712973961
2021-12-15,1644.4837352172344
2021-12-16,1672.979625911416
2021-12-17,1672.9350464074216
2021-12-20,1657.84946906196
2021-12-21,1672.2975614232653
2021-12-22,1664.6966935794517
2021-12-23,1679.51822500282
2021-12-24,1679.384053174337
2021-12-27,1664.136693269339
2021-12-28,1687.353906361397
2021-12-29,1671.6757829876854
2021-12-30,1684.8138693864005
2021-12-31,1684.8138693864005
2022-01-03,1696.25029291204
2022-01-04,1698.323948438436
2022-01-05,1714.0138804356761
2022-01-06,1707.6350935275482
2022-01-07,1708.1355460780037
2022-01-10,1744.1063473761783
2022-01-11,1773.5399845082613
2022-01-12,1793.0289509506947
2022-01-13,1814.0216239402798
2022-01-14,1814.3116663040717
2022-01-17,1824.9882601830857
2022-01-18,1831.110989881212
2022-01-19,1847.7911204397244
2022-01-20,1852.7305266482163
2022-01-21,1852.7799183073728
2022-01-24,1816.056807036555
2022-01-25,1821.8704306140357
2022-01-26,1831.0516957447478
2022-01-27,1828.6855265851557
2022-01-28,1828.6367876318882
2022-01-31,1841.1003703418603
2022-02-01,1847.2772898319804
2022-02-02,1828.9675947513927
2022-02-03,1818.495219677649
2022-02-04,1818.495219677649
2022-02-07,1835.2078978992881
2022-02-08,1831.3407009615723
2022-02-09,1826.876774348916
2022-02-10,1837.2616724802856
2022-02-11,1837.2616724802847
2022-02-14,1833.8667029113133
2022-02-15,1857.704820220192
2022-02-16,1882.1828746060196
2022-02-17,1875.4250875909834
2022-02-18,1875.4750682718352
2022-02-21,1891.3193579819172
2022-02-22,1891.3445628029142
2022-02-23,1882.841246488756
2022-02-24,1851.0003780833338
2022-02-25,1851.049715727019
2022-02-28,1895.8949193639412
2022-03-01,1913.61048699488
2022-03-02,1917.2072055600477
2022-03-03,1937.2603540553262
2022-03-04,1937.2603540553262
2022-03-07,1950.6766855273984
2022-03-08,1955.9349323223632
2022-03-09,1934.569218171519
2022-03-10,1924.1118841422726
2022-03-11,1924.1118841422726
2022-03-14,1894.3329836243752
2022-03-15,1877.0086030600573
2022-03-16,1918.3949631529965
2022-03-17,1932.359823710422
2022-03-18,1932.5143465665665
2022-03-21,1944.6254139115374
2022-03-22,1955.0518639700986
2022-03-23,1967.103690179822
2022-03-24,1966.9413161415619
2022-03-25,1966.8888811523273
2022-03-28,1983.2945005418749
2022-03-29,1989.2163754590451
2022-03-30,1975.963265547068
2022-03-31,1976.679104649853
2022-04-01,1976.7844910014985
2022-04-04,1987.4620717164642
2022-04-05,1995.9024972533437
2022-04-06,2009.6710630934442
2022-04-07,2025.8820176919999
2022-04-08,2026.0980944877433
2022-04-11,2056.504767424298
2022-04-12,2081.619432051073
2022-04-13,2062.841739263705
2022-04-14,2073.252267382713
2022-04-15,2073.252267382712
2022-04-18,2095.049875216459
2022-04-19,2054.186156251624
2022-04-20,2081.165096375318
2022-04-21,2058.904974664993
2022-04-22,2058.904974664993
2022-04-25,2060.0713298295645
2022-04-26,2050.4927212422904
2022-04-27,2075.2806069442554
2022-04-28,2093.1894785463537
2022-04-29,2093.1894785463537
2022-05-02,2093.1894785463537
2022-05-03,2093.1894785463537
2022-05-04,2093.133673553458
2022-05-05,2093.133673553458
2022-05-06,2093.189478546354
2022-05-09,2101.34360663998
2022-05-10,2044.632181898829
2022-05-11,2019.4889605993326
2022-05-12,1931.092827442793
2022-05-13,1931.092827442793
2022-05-16,1938.431471147916
2022-05-17,1902.2205713507478
2022-05-18,1909.275355222826
2022-05-19,1865.9564645325381
2022-05-20,1865.9564645325386
2022-05-23,1835.365347133543
2022-05-24,1841.6171172021154
2022-05-25,1890.2922394067343
2022-05-26,1877.8802337537174
2022-05-27,1877.8552020257275
2022-05-30,1935.5518320776212
2022-05-31,1942.499026576512
2022-06-01,1916.0426874959016
2022-06-02,1888.074121143029
2022-06-03,1888.074121143029
2022-06-06,1926.9569950034697
2022-06-07,1898.8655848828928
2022-06-08,1886.689081793668
2022-06-09,1891.433503743526
2022-06-10,1891.5847619540943
2022-06-13,1810.5557932458303
2022-06-14,1810.6627878675924
2022-06-15,1805.8222577664972
2022-06-16,1780.9900575181155
2022-06-17,1780.9425922961782
2022-06-20,1710.0181097206705
2022-06-21,1759.0666981965428
2022-06-22,1702.6640598528072
2022-06-23,1699.6971400430032
2022-06-24,1699.6065499222814
2022-06-27,1719.6601019013024
2022-06-28,1758.6621495068061
2022-06-29,1768.3515140412817
2022-06-30,1729.7128683550018
2022-07-01,1729.5284885689007
2022-07-04,1709.2667478156525
2022-07-05,1704.8151039479326
2022-07-06,1716.2928164746843
2022-07-07,1716.2928164746838
2022-07-08,1716.2928164746834
2022-07-11,1716.292816474683
2022-07-12,1716.5671745739744
2022-07-13,1700.5163327755583
2022-07-14,1685.4709216922356
2022-07-15,1685.0220612603605
2022-07-18,1747.8193791717677
2022-07-19,1779.286819091463
2022-07-20,1789.4826904166587
2022-07-21,1809.3908126347287
2022-07-22,1809.8724178550194
2022-07-25,1789.6154842696537
2022-07-26,1803.66464993775
2022-07-27,1816.2854999297294
2022-07-28,1831.7588135567585
2022-07-29,1831.758813556759
2022-08-01,1862.3271233812168
2022-08-02,1861.5717929431219
2022-08-03,1855.7597652902537
2022-08-04,1855.7031583681762
2022-08-05,1855.752545012444
2022-08-08,1864.7528899009894
2022-08-09,1870.6092734403114
2022-08-10,1886.826325851655
2022-08-11,1901.988775758845
2022-08-12,1903.0777972948981
2022-08-15,1908.1693965551806
2022-08-16,1909.04922097675
2022-08-17,1925.2147646375279
2022-08-18,1920.8904285629283
2022-08-19,1920.9160015643458
2022-08-22,1912.5452148698655
2022-08-23,1890.103288962033
2022-08-24,1892.3406300434556
2022-08-25,1919.1272908901242
2022-08-26,1919.1272908901242
2022-08-29,1912.5141128597024
2022-08-30,1897.6598004872726
2022-08-31,1867.81438814946
2022-09-01,1846.1674066247704
2022-09-02,1845.3079817497046
2022-09-05,1840.6874021343326
2022-09-06,1826.2639497697917
2022-09-07,1804.4251949811603
2022-09-08,1796.9426079148866
2022-09-09,1797.4208361538526
2022-09-12,1828.9511814539678
2022-09-13,1834.1346173533532
2022-09-14,1801.1970367432116
2022-09-15,1792.5150425637078
2022-09-16,1792.0380561234306
2022-09-19,1731.317188059772
2022-09-20,1737.5407906418254
2022-09-21,1735.1810743308542
2022-09-22,1735.1810743308542
2022-09-23,1735.1810743308542
2022-09-26,1649.69950488466
2022-09-27,1664.799049607868
2022-09-28,1686.2036648598469
2022-09-29,1727.0946322678953
2022-09-30,1727.6692578442423
2022-10-03,1758.5989236945088
2022-10-04,1788.0292658391747
2022-10-05,1789.4611833412316
2022-10-06,1788.9754093005613
2022-10-07,1788.7374503474753
2022-10-10,1753.0655517725197
2022-10-11,1747.2466369129827
2022-10-12,1756.365953661557
2022-10-13,1734.711982978231
2022-10-14,1734.3657791498026
2022-10-17,1759.0083694731954
2022-10-18,1803.4902605480315
2022-10-19,1797.467497904228
2022-10-20,1825.9563858801243
2022-10-21,1826.3207270279556
2022-10-24,1844.1190598686997
2022-10-25,1834.2866059302057
2022-10-26,1804.1764915260392
2022-10-27,1790.2299088468847
2022-10-28,1789.3487495505055
2022-10-31,1782.139971514953
2022-11-01,1753.1516917962185
2022-11-02,1753.3116252042207
2022-11-03,1736.7013153721982
2022-11-04,1737.0710229433264
2022-11-07,1765.600427326395
2022-11-08,1744.9380359970266
2022-11-09,1734.2895809524107
2022-11-10,1701.8514092357857
2022-11-11,1701.2178927974512
2022-11-14,1698.2509927423698
2022-11-15,1681.599864312837
2022-11-16,1689.3241186008559
2022-11-17,1687.1210246439625
2022-11-18,1687.1210246439625
2022-11-21,1654.2942863377107
2022-11-22,1661.026993196384
2022-11-23,1661.0490904305254
2022-11-24,1659.4819090575745
2022-11-25,1659.503989849393
2022-11-28,1631.1400009189604
2022-11-29,1631.0139040536599
2022-11-30,1654.2249530268741
2022-12-01,1642.1338376611573
2022-12-02,1642.3522646148226
2022-12-05,1578.338977834176
2022-12-06,1584.4989548069136
2022-12-07,1537.1582702984676
2022-12-08,1552.8127648622058
2022-12-09,1552.1933740505342
2022-12-12,1529.1941285267244
2022-12-13,1557.6030508019387
2022-12-14,1561.786003192055
2022-12-15,1566.1102513368953
2022-12-16,1565.860413217514
2022-12-19,1547.39064399149
2022-12-20,1563.2234005851099
2022-12-21,1562.979153094822
2022-12-22,1550.2833410562796
2022-12-23,1550.4894683453444
2022-12-26,1552.8315506596298
2022-12-27,1574.3238506334424
2022-12-28,1599.6177809226042
2022-12-29,1598.3236275302518
2022-12-30,1599.0891896722303
2023-01-02,1611.4662152269095
2023-01-03,1623.1536938464583
2023-01-04,1602.9146200419034
2023-01-05,1603.2227036483184
2023-01-06,1603.3293434450225
2023-01-09,1623.8691748969195
2023-01-10,1618.9056160128787
2023-01-11,1614.928230445501
2023-01-12,1635.7603216684001
2023-01-13,1635.847422856987
2023-01-16,1633.5170680232832
2023-01-17,1625.587750122117
2023-01-18,1619.8878206266422
2023-01-19,1622.5173494517292
2023-01-20,1622.646943489226
2023-01-23,1634.2719215638624
2023-01-24,1638.3065933086432
2023-01-25,1641.3671987203927
2023-01-26,1643.8404302584586
2023-01-27,1643.9280129975632
2023-01-30,1638.0944340478597
2023-01-31,1633.9343545889615
2023-02-01,1634.8591843159188
2023-02-02,1621.372461883595
2023-02-03,1621.415669677382
2023-02-06,1597.9183092377261
2023-02-07,1581.3485904593958
2023-02-08,1585.41487218164
2023-02-09,1568.309204128902
2023-02-10,1568.3718930327602
2023-02-13,1584.1397032732928
2023-02-14,1580.6467420225545
2023-02-15,1593.214046515696
2023-02-16,1590.354415650414
2023-02-17,1590.4816270421468
2023-02-20,1561.7495334564023
2023-02-21,1543.5890188331462
2023-02-22,1543.3832810295778
2023-02-23,1524.5317390884459
2023-02-24,1524.5520556137067
2023-02-27,1503.0711944807583
2023-02-28,1513.7601818078729
2023-03-01,1528.6213829500487
2023-03-02,1541.0029119839517
2023-03-03,1541.043971452443
2023-03-06,1569.5956419574998
2023-03-07,1574.2190154354103
2023-03-08,1563.3590776870547
2023-03-09,1569.2573798113467
2023-03-10,1569.2573798113467
2023-03-13,1537.033980303699
2023-03-14,1523.0178840800238
2023-03-15,1501.0444905868148
2023-03-16,1489.8456574900467
2023-03-17,1489.7861628215278
2023-03-20,1534.2019105960005
2023-03-21,1559.1601109061846
2023-03-22,1562.2049998822922
2023-03-23,1576.638387724623
2023-03-24,1576.6593729156587
2023-03-27,1580.178389517556
2023-03-28,1577.7305380233786
2023-03-29,1582.709526069547
2023-03-30,1600.332749179348
2023-03-31,1600.354065916823
2023-04-03,1639.5323468593663
2023-04-04,1665.4451785107674
2023-04-05,1659.2100718958447
2023-04-06,1653.422006788716
2023-04-07,1653.4220067887165
2023-04-10,1651.2988505933545
2023-04-11,1641.7173632368224
2023-04-12,1655.3650382575015
2023-04-13,1659.6834865891387
2023-04-14,1659.6392413414358
2023-04-17,1687.581134967636
2023-04-18,1687.7386173430523
2023-04-19,1687.8736256317768
2023-04-20,1687.783617706133
2023-04-21,1687.7386173430527
2023-04-24,1687.7386173430527
2023-04-25,1698.6230597101721
2023-04-26,1702.684719603333
2023-04-27,1696.3570713929817
2023-04-28,1696.628437869329
2023-05-01,1699.1571402356276
2023-05-02,1689.1603895453213
2023-05-03,1666.6634778293717
2023-05-04,1674.0835128861982
2023-05-05,1674.150471762789
2023-05-08,1695.675343074441
2023-05-09,1700.1819035773017
2023-05-10,1700.8524330384002
2023-05-11,1719.1462853439955
2023-05-12,1719.1462853439955
2023-05-15,1689.2830212707272
2023-05-16,1687.2116137714822
2023-05-17,1702.4917522691246
2023-05-18,1711.7245210136396
2023-05-19,1711.5647749679758
2023-05-22,1705.8554990039738
2023-05-23,1694.5260287414253
2023-05-24,1689.045238271549
2023-05-25,1675.810290673695
2023-05-26,1675.6315566409867
2023-05-29,1666.0582680822843
2023-05-30,1666.8085219575287
2023-05-31,1645.2711645019858
2023-06-01,1638.9923738187279
2023-06-02,1638.7738822873046
2023-06-05,1684.5229118791697
2023-06-06,1687.5236322254857
2023-06-07,1699.023375322715
2023-06-08,1701.1981772194554
2023-06-09,1701.1528179826278
2023-06-12,1703.7752595806382
2023-06-13,1698.4491240454327
2023-06-14,1713.8953383194394
2023-06-15,1711.6663747851878
2023-06-16,1711.8033007924507
2023-06-19,1698.421605373242
2023-06-20,1697.9046417639054
2023-06-21,1702.3482827661037
2023-06-22,1701.0397703339165
2023-06-23,1700.9944225753845
2023-06-26,1701.2665453999534
2023-06-27,1701.2665453999534
2023-06-28,1701.2665453999534
2023-06-29,1701.2665453999534
2023-06-30,1701.1758281180914
2023-07-03,1714.213425750733
2023-07-04,1723.6328121297422
2023-07-05,1721.0489576575999
2023-07-06,1714.728957175098
2023-07-07,1714.7518113908966
2023-07-10,1714.247699450246
2023-07-11,1727.9814371313623
2023-07-12,1741.7609187883272
2023-07-13,1739.2204799631008
2023-07-14,1739.4059275805198
2023-07-17,1750.0527387273783
2023-07-18,1754.6424180190643
2023-07-19,1751.1249373311007
2023-07-20,1750.1574794645833
2023-07-21,1750.204136644596
2023-07-24,1761.6234970913602
2023-07-25,1773.6772875119943
2023-07-26,1778.3771204519423
2023-07-27,1769.0762835437863
2023-07-28,1769.3592904680447
2023-07-31,1738.086338589774
2023-08-01,1731.1955609425124
2023-08-02,1707.765298404891
2023-08-03,1689.4159033542905
2023-08-04,1689.370871477136
2023-08-07,1676.0510269884262
2023-08-08,1664.9861635971633
2023-08-09,1672.0144047019587
2023-08-10,1690.6192379971055
2023-08-11,1690.6192379971055
2023-08-14,1699.5571398643733
2023-08-15,1688.2079087820969
2023-08-16,1683.020127148487
2023-08-17,1692.009289606396
2023-08-18,1691.986731587949
2023-08-21,1694.1039922747304
2023-08-22,1688.5639243076855
2023-08-23,1683.9686973349399
2023-08-24,1688.5971455638576
2023-08-25,1688.7772097738837
2023-08-28,1696.963090783082
2023-08-29,1695.576549405132
2023-08-30,1713.8582179265616
2023-08-31,1698.628134547313
2023-09-01,1698.628134547313
2023-09-04,1690.7946342444402
2023-09-05,1690.8819716972355
2023-09-06,1672.5843089406544
2023-09-07,1658.9289528826048
2023-09-08,1658.884725391792
2023-09-11,1664.5079654909061
2023-09-12,1651.9393299556862
2023-09-13,1645.2623492220173
2023-09-14,1646.6544978747413
2023-09-15,1646.6544978747409
2023-09-18,1625.5025675245772
2023-09-19,1633.268161829056
2023-09-20,1629.5372814971845
2023-09-21,1612.1617087459974
2023-09-22,1612.0757474189168
2023-09-25,1603.6056788194871
2023-09-26,1606.3980999318553
2023-09-27,1629.6843629134678
2023-09-28,1626.2205557762766
2023-09-29,1626.1988754371735
2023-10-02,1622.911167141577
2023-10-03,1615.5928393970587
2023-10-04,1596.7536651275095
2023-10-05,1586.750166652978
2023-10-06,1586.7501666529777
2023-10-09,1556.1169460882131
2023-10-10,1570.6545896797802
2023-10-11,1563.3948626502508
2023-10-12,1563.109309522386
2023-10-13,1563.0884736211656
2023-10-16,1565.0713342618712
2023-10-17,1581.3795289963437
2023-10-18,1575.0125990046588
2023-10-19,1566.13638599953
2023-10-20,1565.9276457444246
2023-10-23,1512.1860393310965
2023-10-24,1530.8567912198369
2023-10-25,1552.4268486530646
2023-10-26,1531.3412688466976
2023-10-27,1531.300451583354
2023-10-30,1553.7930259221723
2023-10-31,1579.3414678314875
2023-11-01,1600.2462642049488
2023-11-02,1609.8511251482853
2023-11-03,1609.9798720392923
2023-11-06,1627.7736532646143
2023-11-07,1627.7523554039965
2023-11-08,1624.3300493596944
2023-11-09,1611.1715495569267
2023-11-10,1611.1715495569267
2023-11-13,1599.176877893602
2023-11-14,1610.0178977873352
2023-11-15,1646.505527467079
2023-11-16,1654.2640860754316
2023-11-17,1654.2640860754311
2023-11-20,1653.5773266679391
2023-11-21,1652.591457731819
2023-11-22,1647.5764866742968
2023-11-23,1641.1540581420963
2023-11-24,1641.1978164158784
2023-11-27,1637.5417685826835
2023-11-28,1642.6953530519047
2023-11-29,1641.001639546688
2023-11-30,1654.547561793391
2023-12-01,1654.6357737498743
2023-12-04,1653.531843394734
2023-12-05,1645.732231059757
2023-12-06,1646.9056156862646
2023-12-07,1652.7784917323736
2023-12-08,1652.7784917323736
2023-12-11,1678.714010101703
2023-12-12,1680.061726459281
2023-12-13,1681.3843201418345
2023-12-14,1705.572628112448
2023-12-15,1705.4135113452023
2023-12-18,1733.101914699481
2023-12-19,1738.9638558973404
2023-12-20,1733.6353525396967
2023-12-21,1721.4983172642965
2023-12-22,1721.5671579216025
2023-12-25,1752.5875675787133
2023-12-26,1762.6334780259049
2023-12-27,1763.3871141783109
2023-12-28,1769.7251879309645
2023-12-29,1769.6779952592865
2024-01-01,1790.4942917752153
2024-01-02,1806.6692240223006
2024-01-03,1773.644840341313
2024-01-04,1811.2053193675426
2024-01-05,1811.15702571035
2024-01-08,1824.2714837694455
2024-01-09,1817.8358781487423
2024-01-10,1808.1519706056367
2024-01-11,1803.371723443894
2024-01-12,1803.2274729394198
2024-01-15,1810.083756444653
2024-01-16,1798.588756031463
2024-01-17,1798.102471945483
2024-01-18,1776.560679881934
2024-01-19,1776.5606798819335
2024-01-22,1806.1443518903857
2024-01-23,1806.325678355678
2024-01-24,1817.4805041634459
2024-01-25,1814.330106100355
2024-01-26,1814.3301061003544
2024-01-29,1830.6532849677985
2024-01-30,1790.1692912090664
2024-01-31,1756.2101584166612
2024-02-01,1775.6187737602597
2024-02-02,1775.6187737602597
2024-02-05,1791.260636820137
2024-02-06,1792.1582930533705
2024-02-07,1809.7242837527192
2024-02-08,1816.945565392557
2024-02-09,1816.9455653925575
2024-02-12,1829.486075803426
2024-02-13,1846.7872222476387
2024-02-14,1847.179348475491
2024-02-15,1853.8529815794277
2024-02-16,1853.8529815794282
2024-02-19,1864.6868040442419
2024-02-20,1872.1010047664836
2024-02-21,1874.396687791897
2024-02-22,1874.2467520500193
2024-02-23,1874.1967787997312
2024-02-26,1862.6388558870653
2024-02-27,1874.6257577544422
2024-02-28,1870.162306652662
2024-02-29,1872.0244704656757
2024-03-01,1872.0244704656757
2024-03-04,1835.6715358818326
2024-03-05,1828.6392069406352
2024-03-06,1845.7150766052503
2024-03-07,1848.2847147746252
2024-03-08,1848.2847147746256
2024-03-11,1840.14744145028
2024-03-12,1846.2496739692308
2024-03-13,1854.4544290355389
2024-03-14,1858.346845786656
2024-03-15,1858.3468457866566
2024-03-18,1859.089243252845
2024-03-19,1862.1104296372855
2024-03-20,1851.4477865536328
2024-03-21,1872.736895352969
2024-03-22,1872.7368953529685
2024-03-25,1850.4098345095615
2024-03-26,1845.5144702352861
2024-03-27,1848.0644354140213
2024-03-28,1853.1656539107612
2024-03-29,1853.1656539107616
2024-04-01,1826.1372648657218
2024-04-02,1839.7736675858755
2024-04-03,1869.597642651239
2024-04-04,1886.5260842518112
2024-04-05,1886.5260842518107
2024-04-08,1886.5260842518103
2024-04-09,1886.5260842518098
2024-04-10,1886.5260842518094
2024-04-11,1886.526084251809
2024-04-12,1886.4757903012814
2024-04-15,1863.6799344306048
2024-04-16,1827.6918954513474
2024-04-17,1816.5830400622283
2024-04-18,1822.2170371329398
2024-04-19,1822.1684615181634
2024-04-22,1812.4490281801195
2024-04-23,1807.362097081948
2024-04-24,1791.2674443231647
2024-04-25,1780.6116162877693
2024-04-26,1780.6116162877688
2024-04-29,1819.3754831924275
2024-04-30,1810.5332046881308
2024-05-01,1797.823351296268
2024-05-02,1799.7322216449181
2024-05-03,1799.7322216449181
2024-05-06,1800.7486093300151
2024-05-07,1798.7859038455047
2024-05-08,1810.6000160306605
2024-05-09,1787.7000530740247
2024-05-10,1787.7000530740247
2024-05-13,1785.2780383463416
2024-05-14,1765.5593171614673
2024-05-15,1760.1544003424242
2024-05-16,1778.4950021144962
2024-05-17,1778.4950021144962
2024-05-20,1761.5026444256757
2024-05-21,1767.4451147531543
2024-05-22,1772.0951293796443
2024-05-23,1738.9735379787055
2024-05-24,1738.9503553740824
2024-05-27,1712.9976652546977
2024-05-28,1689.2989090422705
2024-05-29,1702.1095795753708
2024-05-30,1673.8106465196017
2024-05-31,1673.8106465196017
2024-06-03,1724.1108138915697
2024-06-04,1696.9305003482348
2024-06-05,1687.936093156317
2024-06-06,1693.3202765415178
2024-06-07,1693.3202765415178
2024-06-10,1737.7654970011552
2024-06-11,1721.6706125944604
2024-06-12,1702.331359854285
2024-06-13,1680.400953142676
2024-06-14,1680.4457411421731
2024-06-17,1680.3113843055587
2024-06-18,1680.4009531426757
2024-06-19,1680.580119466712
2024-06-20,1680.624917017544
2024-06-21,1680.602517943601
2024-06-24,1717.8972510922101
2024-06-25,1717.7831610805188
2024-06-26,1703.603050483533
2024-06-27,1716.8360461168675
2024-06-28,1716.8360461168675
2024-07-01,1703.943935952719
2024-07-02,1692.8444302096618
2024-07-03,1694.5319508155337
2024-07-04,1700.5731630471503
2024-07-05,1700.6184971579166
2024-07-08,1712.7113060243826
2024-07-09,1722.4065548202711
2024-07-10,1721.931941682341
2024-07-11,1723.1499904714308
2024-07-12,1723.1499904714308
2024-07-15,1753.140292495955
2024-07-16,1771.953997779341
2024-07-17,1780.744485996502
2024-07-18,1787.7466601698231
2024-07-19,1787.698998364386
2024-07-22,1783.0602622152635
2024-07-23,1771.2674516373406
2024-07-24,1770.7308959425918
2024-07-25,1757.779255564992
2024-07-26,1757.732401442602
2024-07-29,1779.4321984458875
2024-07-30,1769.0657430442566
2024-07-31,1779.4745311536674
2024-08-01,1770.6933553536571
2024-08-02,1770.4102708843752
2024-08-05,1693.727456325069
2024-08-06,1715.6273559143872
2024-08-07,1716.9801270101989
2024-08-08,1712.494303190862
2024-08-09,1712.2205523031564
2024-08-12,1733.4429699357827
2024-08-13,1741.1961318758242
2024-08-14,1746.9529857512218
2024-08-15,1752.0816437028213
2024-08-16,1752.0349551414215
2024-08-19,1762.4494071047855
2024-08-20,1777.3800009465674
2024-08-21,1798.7665577323767
2024-08-22,1800.537137207898
2024-08-23,1800.5371372078976
2024-08-26,1814.936659326598
2024-08-27,1801.3557258991684
2024-08-28,1787.5935964330424
2024-08-29,1791.5471375929558
2024-08-30,1791.4993961033856
2024-09-02,1792.4052628569586
2024-09-03,1792.9796642642339
2024-09-04,1788.3048581466678
2024-09-05,1786.5387597852255
2024-09-06,1786.5387597852255
2024-09-09,1763.6837677270678
2024-09-10,1766.8025781196854
2024-09-11,1732.1400959000637
2024-09-12,1742.5045611964158
2024-09-13,1742.4116994329165
2024-09-16,1748.2471393229798
2024-09-17,1752.0623600599604
2024-09-18,1759.5207763030396
2024-09-19,1784.015398354198
2024-09-20,1784.0391696955662
2024-09-23,1790.4534225892057
2024-09-24,1816.771135648893
2024-09-25,1827.5588410458818
2024-09-26,1832.1009265813586
2024-09-27,1832.052084883549
2024-09-30,1808.067058606326
2024-10-01,1814.307888050162
2024-10-02,1782.7967077011797
2024-10-03,1769.1941905102783
2024-10-04,1768.2521526569137
2024-10-07,1762.0707575067827
2024-10-08,1781.3699734959512
2024-10-09,1766.844305456044
2024-10-10,1776.0634198591952
2024-10-11,1775.6850812262876
2024-10-14,1768.1397758427736
2024-10-15,1776.5245779709535
2024-10-16,1780.6491452212358
2024-10-17,1759.8927739962921
2024-10-18,1759.845915996027
2024-10-21,1779.2783298254308
2024-10-22,1771.9711383912459
2024-10-23,1765.5739892608967
2024-10-24,1764.5886266886891
2024-10-25,1764.5886266886887
2024-10-28,1786.2843822530522
2024-10-29,1790.9125013350356
2024-10-30,1783.051155941298
2024-10-31,1778.889014834958
2024-11-01,1778.9837499708838
2024-11-04,1783.086532529229
2024-11-05,1777.1176794708758
2024-11-06,1790.4439337974877
2024-11-07,1794.3072475088086
2024-11-08,1794.570009669797
2024-11-11,1794.839204108601
2024-11-12,1788.4143657712345
2024-11-13,1770.2009089547657
2024-11-14,1748.7211162554042
2024-11-15,1749.4198593759113
2024-11-18,1759.3066522892323
2024-11-19,1764.4581703482174
2024-11-20,1764.2377447900515
2024-11-21,1758.33132406171
2024-11-22,1758.4249918288135
2024-11-25,1748.976324803408
2024-11-26,1743.836808955759
2024-11-27,1718.7443996375162
2024-11-28,1727.7627050371689
2024-11-29,1727.6477324064738
2024-12-02,1738.0659989707037
2024-12-03,1748.9651357522275
2024-12-04,1757.5964349736935
2024-12-05,1767.847878208782
2024-12-06,1767.6126356434845
2024-12-09,1792.7704310959516
2024-12-10,1810.0714069300057
2024-12-11,1803.0109419178425
2024-12-12,1793.9587089623144
2024-12-13,1793.9587089623144
2024-12-16,1791.8847432941334
2024-12-17,1768.2120246447319
2024-12-18,1769.0809019455753
2024-12-19,1756.4389329369542
2024-12-20,1757.818329119995
2024-12-23,1769.472653029698
2024-12-24,1766.9868951561539
2024-12-25,1763.668161956011
2024-12-26,1759.121239676503
2024-12-27,1759.0743934875948
2024-12-30,1776.9690366188045
2024-12-31,1780.3077202817933
2025-01-01,1786.6447896414084
2025-01-02,1790.4099486239077
2025-01-03,1790.9343943255788
2025-01-06,1784.3336954323127
2025-01-07,1788.1226581894364
2025-01-08,1779.673226901013
2025-01-09,1783.3419534635511
2025-01-10,1783.484468803466
2025-01-13,1783.7198117379646
2025-01-14,1793.8662404841975
2025-01-15,1804.941858514011
2025-01-16,1815.757724719313
2025-01-17,1815.8061191149604
2025-01-20,1832.9209375088349
2025-01-21,1830.4833016326163
2025-01-22,1825.7977575108737
2025-01-23,1824.0786985510606
2025-01-24,1824.0786985510606
2025-01-27,1818.5855174971218
2025-01-28,1825.6294416921558
2025-01-29,1830.8435165469577
2025-01-30,1825.6172835109385
2025-01-31,1825.8119796778944
2025-02-03,1823.3919377048435
2025-02-04,1831.8818406000519
2025-02-05,1827.1001401741496
2025-02-06,1829.3401940309175
2025-02-07,1829.3401940309175
2025-02-10,1839.4878797100648
2025-02-11,1831.3634203021152
2025-02-12,1828.7245946109745
2025-02-13,1826.5331441795186
2025-02-14,1826.5331441795186
2025-02-17,1807.8036136671774
2025-02-18,1823.523863413998
2025-02-19,1826.0222433538509
2025-02-20,1840.7996166757891
2025-02-21,1840.7996166757891
2025-02-24,1833.6292866845542
2025-02-25,1831.4525187573427
2025-02-26,1819.1767547074126
2025-02-27,1797.7840324507408
2025-02-28,1797.831969523306
2025-03-03,1808.3040314422583
2025-03-04,1777.8015697062542
2025-03-05,1776.4387003941388
2025-03-06,1766.47306655611
2025-03-07,1766.167012555001
2025-03-10,1763.944372432589
2025-03-11,1760.2779790120896
2025-03-12,1752.9245283074367
2025-03-13,1755.8808318748202
2025-03-14,1755.9276491213702
2025-03-17,1784.7991005481022
2025-03-18,1774.4028385188426
2025-03-19,1763.5719744699793
2025-03-20,1770.6669380622156
2025-03-21,1770.5725327019009
2025-03-24,1773.6305489363892
2025-03-25,1762.0301789748669
2025-03-26,1802.9297545382776
2025-03-27,1810.228334182676
2025-03-28,1810.1800742964006
2025-03-31,1810.1318169832316
2025-04-01,1809.9870604803007
2025-04-02,1809.9146909106364
2025-04-03,1786.427865812003
2025-04-04,1785.9042239934743
